,poly_Acres_AutoCalc,attr_FireDiscoveryDateTime,attr_FireOutDateTime,attr_InitialLatitude,attr_InitialLongitude,attr_POOCounty,attr_POOState
0,963401.766519535,2021-07-14,,39.876,-121.378833,Plumas,US-CA
1,590558.481159461,2020-08-16,2022-10-31,39.76536,-122.6734,Glenn,US-CA
2,390647.25551808,2020-08-16,,37.109676,-121.638571,Santa Clara,US-CA
3,380561.120304404,2020-09-05,2021-02-22,37.19574,-119.2638,Fresno,US-CA
4,328991.162337735,2020-08-18,2022-10-31,40.12551,-123.0731,Trinity,US-CA
5,318775.7067091,2020-08-17,2022-01-01,39.88496,-120.9423,Plumas,US-CA
6,306107.155050719,2020-08-17,2020-08-19,38.502465,-122.340809,Napa,US-CA
7,223170.853094011,2021-07-31,2023-04-16,40.75228,-123.3367,Trinity,US-CA
8,221785.545838684,2021-08-15,,38.627166,-120.489286,El Dorado,US-CA
9,193413.42152438,2021-07-31,,41.14235,-123.01605,Siskiyou,US-CA
10,170647.321344277,2020-08-19,,36.16972,-118.4587,Kern,US-CA
11,157429.278975808,2020-09-08,2022-02-01,41.858026,-123.353584,Siskiyou,US-CA
12,145747.871644306,2021-08-01,2022-08-02,41.500283,-121.928717,Siskiyou,US-CA
13,143997.089392813,2020-07-27,2021-07-26,41.19449,-123.4578,Humboldt,US-CA
14,143835.882238868,2020-07-28,,,,Humboldt,US-CA
15,124526.92875662,2020-08-19,2021-03-10,36.11938,-121.5997,Monterey,US-CA
16,122447.269512159,2021-07-30,2023-04-17,40.31848,-123.0374,Shasta,US-CA
17,116282.525670058,2020-09-06,2021-01-12,34.26779,-118.1412,Los Angeles,US-CA
18,105003.509413757,2021-07-02,,39.83203,-120.3415,Plumas,US-CA
19,97527.8954696151,2021-09-10,2021-12-14,36.04713,-118.6308,Tulare,US-CA
20,95047.5507526535,2021-08-01,2021-11-12,41.56351,-123.4043,Siskiyou,US-CA
21,88256.7718472756,2021-09-12,,36.581677,-118.794833,Tulare,US-CA
22,84817.2739050421,2020-08-18,2020-12-01,41.02865,-120.281333,Lassen,US-CA
23,81287.3525662984,2020-07-22,2021-01-07,41.69892,-121.477,Siskiyou,US-CA
24,76878.8796941117,2022-09-07,,39.00122,-120.7246,Placer,US-CA
25,67586.3153813267,2020-09-27,,38.554308,-122.530958,Napa,US-CA
26,67054.2418309661,2021-07-04,2021-11-19,38.6314,-119.9115,Alpine,US-CA
27,60102.0261890528,2022-07-29,,41.8302,-122.895367,Siskiyou,US-CA
28,56337.8429595013,2020-09-27,2020-10-14,40.541202,-122.568313,Shasta,US-CA
29,55291.3359515333,2020-08-17,,38.672818,-123.07802,Sonoma,US-CA
30,51676.614374157,2020-08-18,2022-10-31,40.14235,-123.0594,Tehama,US-CA
31,48921.2480464721,2020-08-16,2020-09-04,36.563,-121.640333,Monterey,US-CA
32,46778.9322966399,2020-08-14,2020-11-23,39.68143,-120.1713,Sierra,US-CA
33,44310.3410587679,2020-08-15,2020-10-02,35.3348,-115.5592,San Bernardino,US-CA
34,37648.3690549864,2021-07-31,,41.061463,-123.079155,Siskiyou,US-CA
35,30999.2885571863,2020-08-12,2020-11-16,34.6787,-118.4523,Los Angeles,US-CA
36,30132.731484007,2022-08-05,,40.90715,-123.5987,Trinity,US-CA
37,29666.8421440506,2020-07-13,2020-07-27,36.094929,-120.521899,Fresno,US-CA
38,29573.6052279996,2020-08-17,2020-12-03,40.27852,-120.7615,Plumas,US-CA
39,28219.3010272554,2021-09-05,,33.716765,-116.893262,Riverside,US-CA
40,28097.7676987225,2022-09-05,2023-03-01,33.716765,-116.893262,Riverside,US-CA
41,26751.6780553972,2020-08-30,2020-11-19,38.64249,-119.5275,Mono,US-CA
42,26534.9506398744,2021-08-18,2021-12-15,35.66565,-118.5248,Kern,US-CA
43,26350.7745076663,2021-06-25,2021-11-10,41.47654,-122.309,Siskiyou,US-CA
44,26248.8651366295,2020-08-19,2022-10-31,39.94421,-122.9172,Tehama,US-CA
45,22800.7523703771,2020-09-05,2021-01-05,34.052719,-116.990809,San Bernardino,US-CA
46,22623.9407173167,2020-07-20,2020-08-12,41.063783,-120.76155,Lassen,US-CA
47,20979.550812831,2021-08-03,2021-10-27,41.57555,-121.843867,Siskiyou,US-CA
48,20374.4883230509,2020-11-17,2021-02-03,38.51509,-119.4653,Mono,US-CA
49,19244.5555342007,2022-07-22,2022-12-05,37.548708,-119.920769,Mariposa,US-CA
50,16994.2195587609,2021-10-11,2021-12-02,34.55326,-120.1357,Santa Barbara,US-CA
51,16435.3941474915,2020-09-05,2020-10-25,32.76408,-116.6912,San Diego,US-CA
52,14469.2171668397,2020-08-16,2020-08-31,39.90812,-122.7077,Tehama,US-CA
53,13694.2538828018,2020-10-26,,,,Riverside,US-CA
54,13440.6585455246,2022-09-02,,41.429267,-122.637483,Siskiyou,US-CA
55,12611.2764274409,2021-06-30,2021-10-29,40.84861,-122.3358,Shasta,US-CA
56,12465.8171801766,2020-10-26,,,,Orange,US-CA
57,12293.5516284845,2020-08-19,2022-10-31,39.53154,-122.9408,Mendocino,US-CA
58,11464.854377122,2022-08-05,,40.82289,-123.6387,Humboldt,US-CA
59,10590.9912399615,2021-06-28,,41.665191,-122.054254,Siskiyou,US-CA
60,9655.1521944486,2021-07-11,,37.349009,-119.87075,Mariposa,US-CA
61,9576.66465753223,2020-07-18,2020-08-28,40.420883,-120.863367,Lassen,US-CA
62,9150.36774964748,2020-07-29,2020-08-04,36.030673,-117.506728,Inyo,US-CA
63,8878.39187650151,2020-09-09,2021-01-25,41.9035,-123.191167,Siskiyou,US-CA
64,8796.4772861913,2021-08-15,2021-12-20,36.28429,-118.5539,Tulare,US-CA
65,8577.49694278248,2021-09-22,2021-10-03,40.735333,-122.291817,Shasta,US-CA
66,8446.83149154644,2022-08-04,2022-11-06,37.66138,-119.4713,Mariposa,US-CA
67,8439.61295030016,2020-08-16,2021-01-25,36.41967,-118.4484,Tulare,US-CA
68,8204.49181141802,2021-09-10,2021-12-31,36.50725,-118.7675,Tulare,US-CA
69,7885.98054034699,2022-07-30,,41.867893,-123.278193,Siskiyou,US-CA
70,7602.1712990889,2020-08-03,2020-08-31,,,Kern,US-CA
71,6978.20674643073,2020-08-18,2020-09-04,36.446283,-121.681792,Monterey,US-CA
72,6933.56825581758,2020-07-25,2021-01-05,37.812167,-119.64655,Mariposa,US-CA
73,6890.61373438483,2020-08-02,2020-08-18,39.83337,-120.0382,Lassen,US-CA
74,6697.15043010407,2020-12-03,2020-12-22,33.743611,-117.616389,Orange,US-CA
75,6269.40475705777,2020-09-17,2021-01-13,33.888982,-116.68513,Riverside,US-CA
76,6065.97610344404,2020-08-17,2022-10-31,39.54481,-122.7428,Lake,US-CA
77,5945.10149392987,2021-07-31,2022-01-04,41.323667,-123.200867,Siskiyou,US-CA
78,5856.54993440281,2022-05-26,2022-06-21,34.14945,-114.6114,Riverside,US-CA
79,5844.89559882063,2022-09-07,2022-11-17,41.89795,-120.3035,Modoc,US-CA
80,5513.17060314031,2020-07-05,,37.023934,-121.513722,Santa Clara,US-CA
81,5365.88191859708,2021-05-01,2021-05-07,32.979573,-116.434894,San Diego,US-CA
82,5245.93508186932,2022-08-31,2022-09-04,34.5143,-118.6293,Los Angeles,US-CA
83,5233.3234231687,2022-08-31,,,,Los Angeles,US-CA
84,5087.48945860956,2021-07-23,,40.00655,-120.977,Plumas,US-CA
85,4909.70540697864,2020-08-18,2021-01-12,,,Marin,US-CA
86,4886.10499304527,2022-07-07,2022-11-06,37.4997,-119.6139,Mariposa,US-CA
87,4467.07757850867,2022-07-04,2022-07-28,38.314035,-120.721065,Amador,US-CA
88,4456.32216063446,2022-09-05,,32.61267,-116.7062,San Diego,US-CA
89,4456.32215949111,2022-08-31,,32.612778,-116.706457,San Diego,US-CA
90,4119.19039813869,2020-08-13,2020-10-01,34.15672,-117.9107,Los Angeles,US-CA
91,3939.36716831713,2022-09-02,,41.43225,-122.384117,Siskiyou,US-CA
92,3674.47648536999,2020-08-17,2021-01-06,37.91211,-119.0043,Mono,US-CA
93,3162.56566125088,2021-09-10,2021-12-31,36.56688,-118.8115,Tulare,US-CA
94,3052.16115021611,2020-12-24,,33.402646,-117.266795,San Diego,US-CA
95,2972.8066440197,2021-07-12,2022-01-07,37.80244,-118.8745,Mono,US-CA
96,2877.85794629184,2021-06-18,2021-11-15,36.21605,-121.5209,Monterey,US-CA
97,2867.93830851441,2020-08-20,2020-12-03,37.804556,-120.294415,Tuolumne,US-CA
98,2839.76829759461,2022-08-08,2022-11-06,37.95372,-119.5521,Tuolumne,US-CA
99,2721.43605778948,2020-11-17,2020-12-17,40.034034,-120.115073,Lassen,US-CA
100,2666.23148382851,2020-08-17,2020-08-19,38.63341,-122.288958,Napa,US-CA
101,2643.61660867793,2022-08-05,2022-08-06,40.92397,-123.5952,Trinity,US-CA
102,2507.19081439988,2020-07-28,2021-01-06,41.79301,-121.5645,Siskiyou,US-CA
103,2496.0413452999,2021-06-17,2021-07-05,35.0,-115.8865,San Bernardino,US-CA
104,2465.76583504457,2022-06-22,,,,Kern,US-CA
105,2446.39021624145,2021-08-04,,39.094296,-120.972529,Placer,US-CA
106,2436.68989485298,2020-08-18,2020-10-01,38.491626,-122.126117,Napa,US-CA
107,2421.23582494197,2021-08-29,2021-11-07,40.8652,-123.6744,Humboldt,US-CA
108,2360.24233299261,2020-08-18,,38.514365,-123.197464,Sonoma,US-CA
109,2348.52132474262,2021-07-31,2021-11-16,37.97877,-119.7201,Tuolumne,US-CA
110,2312.92470118699,2022-08-05,,40.84676,-123.6149,Humboldt,US-CA
111,2154.830787034,2022-02-16,,37.369355,-118.371813,Inyo,US-CA
112,2154.33835058484,2022-08-05,,40.98356,-123.5692,Humboldt,US-CA
113,2101.2839728347,2021-07-20,2021-08-11,35.38876,-118.4464,Kern,US-CA
114,2029.35206855944,2020-09-14,2020-11-18,41.2118,-122.84655,Siskiyou,US-CA
115,1973.56092646074,2020-08-11,2021-01-05,37.88156,-119.643,Tuolumne,US-CA
116,1962.30989188155,2020-08-01,2020-08-11,35.416337,-120.455709,San Luis Obispo,US-CA
117,1880.69479231994,2020-12-13,,33.889516,-117.070814,Riverside,US-CA
118,1828.02835587771,2021-06-27,,,,Kern,US-CA
119,1670.79877141482,2020-09-08,2021-03-09,38.990211,-120.394142,El Dorado,US-CA
120,1491.69767607685,2022-08-05,,40.96157,-123.6002,Humboldt,US-CA
121,1456.10794090322,2020-06-16,,38.087413,-120.739745,Calaveras,US-CA
122,1427.28763098096,2021-08-28,2021-09-15,33.32079,-116.8756,San Diego,US-CA
123,1394.43430945612,2022-08-03,2022-12-05,36.33307,-118.6514,Tulare,US-CA
124,1390.00941146385,2021-05-01,2021-05-09,35.69844,-117.8867,Kern,US-CA
125,1386.09747897104,2021-08-28,2021-09-15,33.504454,-117.352959,Riverside,US-CA
126,1367.07338672281,2020-07-23,2020-11-30,41.73743,-121.058,Modoc,US-CA
127,1334.44470043798,2021-06-25,2021-10-26,38.46283,-119.8635,Alpine,US-CA
128,1320.72331002501,2020-05-31,2020-06-20,33.9897,-119.7199,Santa Barbara,US-CA
129,1316.03280347938,2020-08-21,2021-01-25,36.717833,-118.5575,Tulare,US-CA
130,1265.74170995959,2021-06-18,2021-07-16,36.02191,-118.7588,Tulare,US-CA
131,1222.90085290973,2020-08-17,2022-10-31,,,Glenn,US-CA
132,1219.87526496082,2020-08-19,2022-10-31,40.08722,-122.9842,Trinity,US-CA
133,1202.64422985474,2021-05-15,,,,Los Angeles,US-CA
134,1135.74010719167,2021-07-01,2021-07-20,38.82882,-119.7357,Alpine,US-CA
135,1085.54820437636,2020-12-01,,,,Riverside,US-CA
136,1079.2751316093,2022-09-05,2022-12-12,34.20367,-116.8745,San Bernardino,US-CA
137,1034.79110445604,2020-07-22,2020-11-18,41.33546,-121.0757,Modoc,US-CA
138,1033.30373016106,2023-06-10,,33.9567,-116.0777,Riverside,US-CA
139,968.265485119059,2021-06-09,,33.34645,-117.363,San Diego,US-CA
140,946.676433174979,2020-08-24,,39.965167,-121.582333,Butte,US-CA
141,926.247674947103,2020-08-17,,39.5605,-121.498,Butte,US-CA
142,920.914261248123,2022-06-28,2022-08-19,39.304947,-121.199444,Nevada,US-CA
143,919.700625193635,2021-07-01,2021-11-16,37.85973,-119.6239,Tuolumne,US-CA
144,901.669555730961,2020-07-27,2020-08-28,39.90623,-120.0592,Lassen,US-CA
145,882.021384338183,2021-07-05,2021-07-22,41.81785,-120.6391,Modoc,US-CA
146,865.133870736136,2022-06-12,2022-10-17,34.35624,-117.6151,San Bernardino,US-CA
147,857.511319505802,2021-07-04,,34.80208,-118.8767,Los Angeles,US-CA
148,856.867040314174,2021-07-04,2021-07-11,34.79246,-118.8473,Los Angeles,US-CA
149,856.392967958721,2021-03-28,,41.935753,-121.626173,Siskiyou,US-CA
150,840.847671957835,2020-08-19,2021-01-14,36.37079,-118.5813,Tulare,US-CA
151,820.755824538006,2021-06-08,,39.08516,-121.323085,Yuba,US-CA
152,819.848986581865,2021-08-25,2021-10-14,34.177,-117.448067,San Bernardino,US-CA
153,810.179160718037,2020-07-27,2020-12-02,41.16761,-123.4073,Trinity,US-CA
154,781.227821406542,2020-08-16,2022-10-31,39.57858,-122.7907,Lake,US-CA
155,762.308145082625,2020-08-23,,37.53322,-121.797272,Alameda,US-CA
156,760.37891653884,2021-06-20,,40.532983,-122.124667,Shasta,US-CA
157,752.733531355279,2022-06-04,,,,Tulare,US-CA
158,741.454736353973,2022-05-24,,39.231841,-122.024692,Colusa,US-CA
159,717.868586392716,2020-08-17,2020-08-19,38.668833,-122.383472,Napa,US-CA
160,687.418000471349,2022-01-22,,36.389815,-121.872123,Monterey,US-CA
161,682.16358884735,2022-05-19,,,,Kern,US-CA
162,681.178804967317,2021-01-15,2021-03-10,33.704362,-116.670243,Riverside,US-CA
163,674.123325393511,2021-01-19,,,,Kern,US-CA
164,654.637436245237,2020-09-08,2020-12-18,37.14127,-119.0253,Fresno,US-CA
165,648.178301530568,2020-07-01,2020-07-28,34.53263,-118.3867,Los Angeles,US-CA
166,624.018658124264,2021-08-25,,38.038795,-120.454797,Calaveras,US-CA
167,602.783003629478,2021-06-19,2021-11-05,36.58299,-118.2138,Inyo,US-CA
168,585.891631347168,2022-06-13,,40.010413,-122.45067,Tehama,US-CA
169,576.65861397161,2020-06-24,2020-06-28,40.548751,-120.189929,Lassen,US-CA
170,568.210497424992,2022-06-13,,32.573333,-116.716667,San Diego,US-CA
171,566.492399004395,2020-08-24,2020-09-11,40.773197,-120.535848,Lassen,US-CA
172,562.911767294885,2020-10-18,2021-03-10,36.07114,-121.4505,Monterey,US-CA
173,559.132083116458,2021-06-19,2021-06-25,32.866133,-116.3676,San Diego,US-CA
174,558.271868987378,2022-08-05,,40.97655,-123.571,Humboldt,US-CA
175,557.303983648872,2020-07-18,2020-07-30,41.794617,-122.653767,Siskiyou,US-CA
176,553.968888803182,2022-03-02,2022-03-27,33.69901,-117.5204,Orange,US-CA
177,552.194399632377,2021-04-28,2021-05-10,34.45114,-118.611,Los Angeles,US-CA
178,531.904059688168,2021-06-30,2022-01-01,39.9117,-120.3949,Plumas,US-CA
179,527.486314737446,2020-06-12,2020-08-28,36.87487,-119.3052,Fresno,US-CA
180,516.758887935002,2021-05-08,,39.8592,-121.89175,Butte,US-CA
181,498.235788030551,2021-06-05,,,,Kern,US-CA
182,490.733352753704,2021-08-30,2021-09-13,35.28895,-115.1825,San Bernardino,US-CA
183,486.688899828691,2022-06-11,,,,Kern,US-CA
184,472.210348524245,2020-08-17,2020-09-11,40.602469,-120.46139,Lassen,US-CA
185,455.343904632393,2021-09-11,2021-10-20,34.5718,-118.6867,Los Angeles,US-CA
186,452.512293407691,2021-07-13,2021-07-15,34.23468,-117.4262,San Bernardino,US-CA
187,452.487082573548,2020-08-17,,39.29241,-121.100352,Nevada,US-CA
188,442.325103667183,2021-05-12,,,,Los Angeles,US-CA
189,441.250712834034,2021-05-12,,34.42805,-117.65736,Los Angeles,US-CA
190,441.250712822482,2021-05-14,,,,Los Angeles,US-CA
191,434.548923919284,2020-06-15,,35.179611,-120.697172,San Luis Obispo,US-CA
192,428.238547135726,2021-07-03,,33.119448,-116.677511,San Diego,US-CA
193,419.752784586693,2022-07-18,,37.480249,-120.026989,Mariposa,US-CA
194,415.149513002531,2022-05-26,2022-06-04,34.07631,-116.4352,San Bernardino,US-CA
195,413.523567942581,2020-09-01,2020-11-19,40.91618,-123.146,Trinity,US-CA
196,399.558822224071,2021-06-18,,39.77705,-121.754667,Butte,US-CA
197,378.471030160609,2021-07-04,,36.096389,-119.033799,Tulare,US-CA
198,373.543020880038,2021-01-19,2021-02-04,37.88473,-119.8545,Tuolumne,US-CA
199,372.434876785163,2022-05-15,,37.18577,-120.488188,Merced,US-CA
200,365.768878785472,2021-07-31,,34.74522,-118.81408,Los Angeles,US-CA
201,356.866649753182,2021-07-11,2021-10-25,41.29124,-121.8004,Siskiyou,US-CA
202,356.86664921326,2021-07-11,,41.273424,-121.97747,Siskiyou,US-CA
203,343.466975300242,2021-06-13,2021-08-05,33.57987,-116.4512,Riverside,US-CA
204,339.670913418195,2022-06-24,,37.083727,-121.101483,Merced,US-CA
205,328.321609713698,2023-05-22,,33.823424,-117.033714,Riverside,US-CA
206,320.838127893101,2020-07-27,,34.76496,-118.73354,Los Angeles,US-CA
207,318.918002936016,2020-07-24,2020-08-09,41.79016,-120.7292,Modoc,US-CA
208,318.83536013981,2021-08-24,,33.474823,-116.659688,Riverside,US-CA
209,317.815929598468,2022-08-15,2022-10-01,36.16036,-118.7072,Tulare,US-CA
210,317.731175094665,2021-09-05,,38.921839,-121.038575,Placer,US-CA
211,296.204844822913,2022-09-07,,41.836983,-121.796267,Siskiyou,US-CA
212,295.027912027453,2020-08-18,2022-10-31,39.64155,-122.8409,Glenn,US-CA
213,291.665103146396,2021-06-29,2021-09-09,37.03216,-119.2494,Fresno,US-CA
214,285.036541844621,2020-08-17,2020-12-07,39.7485,-121.713333,Butte,US-CA
215,277.873003715038,2021-06-23,,33.362338,-117.102869,San Diego,US-CA
216,270.751965754001,2022-06-28,,39.750277,-122.5275,Glenn,US-CA
217,265.839455317836,2020-08-17,2020-09-11,40.925717,-120.265733,Lassen,US-CA
218,258.957133531641,2020-08-11,2020-08-27,40.55945,-120.478383,Lassen,US-CA
219,248.616617674588,2021-06-09,,34.381905,-117.42107,San Bernardino,US-CA
220,244.373087343765,2020-05-24,2020-11-09,,,Fresno,US-CA
221,238.658042046585,2020-06-26,2020-07-05,38.22994,-118.98,Mono,US-CA
222,233.344430854731,2020-09-28,2020-10-07,34.56246,-118.3999,Los Angeles,US-CA
223,228.833546037455,2020-08-17,2021-01-12,40.4565,-122.936,Trinity,US-CA
224,226.97426253414,2023-04-26,2023-06-05,34.32412,-117.6127,San Bernardino,US-CA
225,225.646835592537,2023-05-12,,,,Kern,US-CA
226,224.925691538755,2021-07-01,2021-11-16,37.84572,-119.6318,Mariposa,US-CA
227,222.076505627006,2022-07-30,,35.63892,-118.4226,Kern,US-CA
228,221.031450091022,2021-09-17,2021-10-20,34.66457,-118.7609,Los Angeles,US-CA
229,217.228438777669,2021-06-09,2021-06-18,32.71209,-115.2178,Imperial,US-CA
230,215.524720867262,2020-02-25,2020-05-08,39.75384,-122.9378,Glenn,US-CA
231,212.399691140595,2020-07-25,2020-07-30,33.85427,-116.5748,Riverside,US-CA
232,209.94986225637,2020-08-06,2020-09-11,34.50521,-118.4508,Los Angeles,US-CA
233,204.829895734746,2021-08-19,2021-11-09,40.12946,-122.8276,Tehama,US-CA
234,202.089953387156,2022-05-11,,,,Orange,US-CA
235,197.506946891031,2020-06-24,2020-06-28,40.3327,-120.008667,Lassen,US-CA
236,188.480096899868,2022-08-22,2022-09-10,32.82595,-116.5354,San Diego,US-CA
237,188.174796424423,2021-06-14,2021-06-29,34.41194,-119.369,Ventura,US-CA
238,187.343045781236,2020-07-22,2020-08-06,40.690317,-120.531017,Lassen,US-CA
239,183.885091170806,2021-01-19,,34.35694,-118.55323,Los Angeles,US-CA
240,183.883804118328,2021-01-03,,34.35671,-118.55205,Los Angeles,US-CA
241,183.212182699341,2020-07-29,2020-08-07,34.26027,-117.4675,San Bernardino,US-CA
242,178.310929046742,2020-08-01,2020-08-09,34.54972,-118.6161,Los Angeles,US-CA
243,178.268448551103,2022-07-27,,33.077333,-116.7575,San Diego,US-CA
244,177.498198539388,2022-06-10,2022-11-03,40.050167,-121.772,Tehama,US-CA
245,174.553790320065,2020-07-27,2020-08-28,40.50385,-120.509617,Lassen,US-CA
246,174.507341525819,2020-08-18,,40.02465,-121.576633,Butte,US-CA
247,171.390127533626,2021-06-10,2021-06-15,35.91182,-119.4151,Tulare,US-CA
248,169.48592519843,2021-10-15,2021-11-15,41.87065,-120.3463,Modoc,US-CA
249,167.067251553572,2020-08-16,2020-08-20,37.021709,-122.208196,Santa Cruz,US-CA
250,164.943775697609,2020-08-27,2020-11-20,37.87609,-119.4443,Tuolumne,US-CA
251,161.233299846423,2021-06-15,2021-08-31,,,Tehama,US-CA
252,159.20510829242,2020-08-03,,34.36507,-118.5034,Los Angeles,US-CA
253,157.017235813681,2020-05-07,,,,Santa Barbara,US-CA
254,154.620108301682,2022-02-10,,,,Orange,US-CA
255,150.402962820809,2022-07-31,2022-09-14,41.938055,-122.966388,Siskiyou,US-CA
256,147.661877764493,2022-08-25,2022-09-16,34.24009,-117.8549,Los Angeles,US-CA
257,146.430513830998,2021-06-23,,36.619808,-120.985674,San Benito,US-CA
258,143.465628389886,2022-08-05,,40.83669,-123.6072,Humboldt,US-CA
259,141.2761521485,2022-07-25,,40.021289,-122.443689,Tehama,US-CA
260,136.592307999582,2020-08-09,,,,Humboldt,US-CA
261,134.646258094785,2021-06-24,,41.555617,-120.506017,Modoc,US-CA
262,133.452343528969,2020-02-17,2020-04-06,39.66827,-120.353,Sierra,US-CA
263,132.383292380718,2021-07-09,2021-07-24,41.81224,-121.2909,Modoc,US-CA
264,131.876699382481,2020-06-24,2020-07-06,39.78019,-120.1027,Lassen,US-CA
265,131.57082670095,2021-08-26,,37.962933,-120.402221,Tuolumne,US-CA
266,129.993860930857,2020-06-02,2020-06-07,33.78509,-116.5274,Riverside,US-CA
267,129.647496983945,2021-06-15,,40.6355,-122.50505,Shasta,US-CA
268,128.414528716323,2021-09-18,2021-09-21,34.400017,-116.980952,San Bernardino,US-CA
269,128.414528716323,2020-07-17,2020-07-21,34.394625,-116.975381,San Bernardino,US-CA
270,126.602415365751,2022-08-02,,36.378029,-118.853699,Tulare,US-CA
271,125.328941491655,2022-08-10,2022-08-15,34.76487,-118.7331,Los Angeles,US-CA
272,125.216200722544,2020-07-21,2020-08-31,37.51714,-118.7147,Mono,US-CA
273,124.15677090939,2021-06-18,2021-07-21,36.09662,-118.7427,Tulare,US-CA
274,123.768115973826,2022-03-12,,,,Santa Barbara,US-CA
275,123.295210024522,2022-09-01,,39.3619,-123.315467,Mendocino,US-CA
276,123.191832613944,2021-11-26,2021-12-10,33.37682,-115.6938,Imperial,US-CA
277,121.155360886686,2023-05-15,2023-05-16,35.292833,-117.898333,San Luis Obispo,US-CA
278,120.719785719869,2020-08-04,2020-08-04,34.93356,-119.5382,San Luis Obispo,US-CA
279,117.806246849693,2021-07-18,2021-07-29,40.886867,-120.336633,Lassen,US-CA
280,116.177314749008,2020-06-24,2020-06-25,,,Kern,US-CA
281,115.496164408123,2023-06-15,,39.313716,-121.368718,Yuba,US-CA
282,115.189922410991,2022-06-21,2022-06-27,33.546326,-116.043868,Riverside,US-CA
283,113.417489028221,2022-08-29,2022-09-16,34.21669,-117.8589,Los Angeles,US-CA
284,112.806466777976,2022-03-12,,41.886433,-121.8581,Siskiyou,US-CA
285,111.289036267902,2021-06-22,2021-07-09,41.57679,-120.769,Modoc,US-CA
286,110.53860412801,2020-12-30,2021-01-23,34.43103,-114.2847,San Bernardino,US-CA
287,107.245714478969,2022-11-19,2022-12-15,32.88474,-114.486,Imperial,US-CA
288,106.199972938589,2021-02-20,2021-03-29,32.69528,-115.6949,Imperial,US-CA
289,102.641312633484,2020-07-07,2020-07-13,32.627314,-116.086849,Imperial,US-CA
290,100.966479248074,2021-09-24,,34.01698,-118.07878,Los Angeles,US-CA
291,100.782069252413,2021-07-10,2021-10-25,36.92052,-118.7071,Fresno,US-CA
292,100.554580775158,2020-12-22,,,,Kern,US-CA
293,98.1468756184701,2022-07-17,,32.612392,-116.905724,San Diego,US-CA
294,96.8856220882638,2022-06-06,,34.312409,-117.346294,San Bernardino,US-CA
295,93.7552742639962,2020-08-17,,39.964,-121.511117,Butte,US-CA
296,93.2238713106541,2020-10-26,2020-12-17,39.002417,-120.479806,Placer,US-CA
297,93.0480582645016,2020-07-20,2020-08-31,,,Humboldt,US-CA
298,92.7163411689428,2020-08-16,2020-08-19,,,Los Angeles,US-CA
299,92.3631122506033,2020-08-18,,39.997933,-121.559,Butte,US-CA
300,92.0830317101491,2020-07-28,,32.57394,-116.760465,San Diego,US-CA
301,89.5741181545443,2022-08-17,2022-08-24,34.23157,-117.4179,San Bernardino,US-CA
302,89.1487792868647,2021-07-30,2021-08-08,40.17077,-120.8438,Plumas,US-CA
303,88.3627062458107,2021-08-25,2021-08-27,33.918089,-116.877776,Riverside,US-CA
304,86.2065521110519,2021-03-14,2021-03-21,35.71001,-117.8398,Kern,US-CA
305,85.5380787928343,2021-04-08,2021-04-15,36.79019,-118.2147,Inyo,US-CA
306,84.9315325367869,2021-04-08,,36.775306,-118.265166,Inyo,US-CA
307,84.6437897957104,2022-07-31,,41.6397,-123.122033,Siskiyou,US-CA
308,83.7123472240612,2023-05-01,,,,Kern,US-CA
309,83.5606199275183,2021-07-10,2021-07-18,32.82504,-116.6241,San Diego,US-CA
310,82.7127101613145,2020-06-17,2020-07-01,35.91634,-121.4352,Monterey,US-CA
311,82.4293397083142,2021-07-05,2021-07-06,35.30206,-118.0013,Kern,US-CA
312,82.16220612236,2020-06-08,,37.606327,-120.202668,Mariposa,US-CA
313,81.8333580799496,2020-07-19,2020-07-21,34.52262,-117.1553,San Bernardino,US-CA
314,81.6843370380768,2023-05-24,2023-05-30,34.75915,-117.0111,San Bernardino,US-CA
315,80.9158480430073,2021-06-18,,36.123655,-119.023126,Tulare,US-CA
316,80.0389067165197,2021-06-25,,33.58275,-116.4362,Riverside,US-CA
317,79.924533792301,2021-06-27,2021-10-29,40.029333,-121.425833,Butte,US-CA
318,79.6844228200916,2022-06-12,,,,San Diego,US-CA
319,79.4171119235966,2020-08-30,2020-09-02,34.45035,-117.0472,San Bernardino,US-CA
320,78.9928732009228,2020-12-05,2020-12-18,,,Tulare,US-CA
321,78.3101760583214,2021-08-06,2021-11-01,40.24584,-120.7096,Plumas,US-CA
322,77.058956108061,2020-06-06,,,,Santa Barbara,US-CA
323,76.8450337658278,2020-07-18,,,,Los Angeles,US-CA
324,76.035459286898,2020-08-02,2020-08-05,33.925653,-116.64177,Riverside,US-CA
325,69.5150546984207,2021-09-06,,,,Santa Barbara,US-CA
326,67.8203064394004,2022-07-31,2022-09-06,40.399641,-120.290687,Lassen,US-CA
327,67.2601573464751,2023-06-03,,36.606754,-120.876583,Fresno,US-CA
328,66.2710165027504,2022-07-16,,40.009819,-122.433659,Tehama,US-CA
329,66.2399282880346,2021-08-28,2021-09-09,34.25145,-117.4546,San Bernardino,US-CA
330,64.809583387494,2021-11-05,,34.08338,-117.1417,San Bernardino,US-CA
331,64.6898856566237,2021-07-01,2021-07-12,40.6877,-120.298217,Lassen,US-CA
332,63.2270172722798,2020-06-24,2020-07-06,39.77129,-120.0725,Lassen,US-CA
333,62.161612462939,2022-09-04,,,,Kern,US-CA
334,62.1562800549179,2023-04-17,2023-05-29,36.43985,-116.4723,Inyo,US-CA
335,62.0791963967257,2021-04-05,2021-11-22,34.42308,-117.836,Los Angeles,US-CA
336,62.0403564688454,2020-06-30,2020-09-14,40.78847,-123.037,Trinity,US-CA
337,61.7699085058806,2020-07-03,2020-07-14,34.19557,-117.1194,San Bernardino,US-CA
338,61.7277955635893,2021-08-29,2021-09-05,34.33985,-117.4657,San Bernardino,US-CA
339,60.9904441178184,2020-07-27,2020-08-02,40.773367,-121.3747,Shasta,US-CA
340,58.5924654544155,2021-07-19,2021-08-01,37.65454,-119.4887,Mariposa,US-CA
341,57.715957691225,2020-04-25,2020-09-04,40.6301,-122.970933,Trinity,US-CA
342,57.7141791703911,2021-07-11,,,,Kern,US-CA
343,57.0261035070901,2021-06-27,,38.041323,-122.020705,Contra Costa,US-CA
344,56.7983259081993,2020-07-20,2020-07-21,34.13575,-117.1915,San Bernardino,US-CA
345,56.0621768685613,2023-05-24,,41.201685,-120.368594,Modoc,US-CA
346,54.708044533823,2020-08-18,2020-12-03,40.18488,-120.937,Plumas,US-CA
347,54.3570603615594,2020-02-23,2020-05-19,40.6409,-120.5159,Lassen,US-CA
348,54.2256135681894,2021-09-05,,33.386872,-117.101975,San Diego,US-CA
349,54.2256135681894,2021-09-05,,33.386872,-117.101975,San Diego,US-CA
350,53.5351129756619,2021-06-29,2021-10-25,39.76324,-121.1584,Plumas,US-CA
351,53.0442261088339,2021-06-20,,33.073906,-116.92256,San Diego,US-CA
352,50.8998275079328,2021-06-19,,,,Kern,US-CA
353,50.7037650617742,2020-08-16,2021-01-01,39.37501,-122.7098,Colusa,US-CA
354,50.7000260174575,2021-08-06,2021-08-24,41.34744,-121.6401,Siskiyou,US-CA
355,49.8978860374303,2021-08-03,2021-08-08,34.22919,-117.668,Los Angeles,US-CA
356,49.2242052330963,2022-06-13,,32.611882,-116.707097,San Diego,US-CA
357,48.7410419275242,2020-06-13,2020-06-27,37.35789,-119.1006,Fresno,US-CA
358,48.4012087077205,2022-05-30,2022-06-05,34.30555,-118.2645,Los Angeles,US-CA
359,48.1477139368604,2022-08-04,2022-08-17,41.82967,-120.5372,Modoc,US-CA
360,47.7044301862995,2022-09-05,,33.066705,-116.809063,San Diego,US-CA
361,47.6181457334076,2020-03-03,2020-03-31,39.46782,-121.1179,Yuba,US-CA
362,47.4762088835006,2021-06-17,2021-06-27,34.43525,-115.182,San Bernardino,US-CA
363,46.9563713325491,2022-05-15,,33.886637,-116.900635,Riverside,US-CA
364,46.1734270707862,2022-08-18,2022-09-13,40.61507,-122.51941,Shasta,US-CA
365,45.4553237732311,2020-06-23,2020-07-28,40.294883,-120.018767,Lassen,US-CA
366,45.0077585438917,2021-04-04,2021-07-03,41.720743,-123.29565,Siskiyou,US-CA
367,44.9004457562793,2020-07-28,2020-11-18,38.14624,-119.9337,Tuolumne,US-CA
368,42.7888482720612,2021-06-03,2021-06-06,33.895775,-116.901498,Riverside,US-CA
369,42.2824011427289,2019-10-21,2019-11-06,34.04419,-118.55207,Los Angeles,US-CA
370,42.2271914851848,2020-05-22,2020-05-26,34.9352,-119.5128,Santa Barbara,US-CA
371,42.1859406071247,2020-10-02,2020-10-05,41.91943,-121.486,Siskiyou,US-CA
372,41.6707676986879,2020-07-19,2020-07-31,41.01274,-122.4078,Shasta,US-CA
373,40.3317994929844,2021-04-18,2021-04-27,32.84024,-115.289,Imperial,US-CA
374,39.7046864554863,2020-08-13,2020-11-13,39.70786,-120.8884,Sierra,US-CA
375,39.6661196522252,2020-12-26,2020-12-30,34.21498,-117.4113,San Bernardino,US-CA
376,39.5300250984895,2022-06-05,,,,Tulare,US-CA
377,38.7625512847001,2021-07-03,2021-07-15,38.41117,-119.2492,Mono,US-CA
378,38.6603549887091,2022-07-27,,39.291068,-121.320985,Yuba,US-CA
379,38.5799673624658,2021-09-05,2021-09-05,34.60083,-117.1712,San Bernardino,US-CA
380,37.9034431162947,2020-08-17,2020-12-03,39.51823,-121.3085,Plumas,US-CA
381,37.3199584633008,2021-07-11,,32.602106,-116.770115,San Diego,US-CA
382,37.2556595631043,2021-07-15,2021-08-20,37.14844,-118.4224,Inyo,US-CA
383,37.1571605533261,2021-06-08,,,,Santa Barbara,US-CA
384,37.05339034853,2021-06-21,,,,Santa Barbara,US-CA
385,36.1400598626022,2020-06-14,2021-01-18,34.109976,-117.151673,San Bernardino,US-CA
386,35.9790518807538,2020-09-19,,34.092816,-117.18239,San Bernardino,US-CA
387,35.913647466145,2020-09-19,,34.09495,-117.1822,San Bernardino,US-CA
388,35.4202416603188,2022-08-04,2022-08-15,41.81081,-120.3545,Modoc,US-CA
389,35.0321728590596,2020-06-08,2020-06-09,33.640766,-117.392155,Riverside,US-CA
390,34.6552160118435,2020-06-10,,,,Los Angeles,US-CA
391,34.5133054911702,2021-01-19,2021-05-04,38.70495,-120.414417,El Dorado,US-CA
392,33.674383796592,2022-08-04,2022-08-09,41.974167,-122.78655,Siskiyou,US-CA
393,33.6673813013251,2020-05-22,2020-05-26,,,Santa Barbara,US-CA
394,32.8154230823211,2021-08-01,2021-08-05,33.055995,-116.523271,San Diego,US-CA
395,32.4354803757289,2020-09-04,2020-09-08,35.47417,-115.5829,San Bernardino,US-CA
396,32.4260200016861,2021-05-04,2021-05-05,33.532246,-116.767011,Riverside,US-CA
397,31.8344691044097,2021-04-17,2021-07-10,35.80946,-116.1895,Inyo,US-CA
398,31.695387617755,2021-07-28,,,,Ventura,US-CA
399,31.6910991151019,2021-05-01,,38.773512,-121.035392,El Dorado,US-CA
400,31.5439901974584,2022-05-08,2022-05-18,35.37004,-120.312,San Luis Obispo,US-CA
401,31.5061564161022,2021-05-09,2021-05-14,,,Kern,US-CA
402,31.464362832876,2022-03-11,2022-04-14,40.78229,-123.1526,US-Trinity,US-CA
403,30.637938760471,2022-06-06,,35.187,-120.4743,San Luis Obispo,US-CA
404,30.1923801485724,2020-08-24,2020-11-20,37.61684,-119.5431,Mariposa,US-CA
405,30.1018802753905,2022-05-12,2022-05-14,35.87153,-119.4873,Tulare,US-CA
406,29.78260447579,2020-08-21,2021-01-27,,,Tulare,US-CA
407,29.2683046454818,2022-07-03,2022-07-07,41.8414,-121.3102,Modoc,US-CA
408,29.1438111299799,2022-05-14,,32.6147,-116.271,San Diego,US-CA
409,28.945462692595,2022-06-21,,32.565483,-116.885227,San Diego,US-CA
410,28.9249209098621,2022-07-18,2022-11-10,36.77752,-118.5862,Fresno,US-CA
411,28.9249209097309,2022-07-18,,,,Fresno,US-CA
412,28.751284110881,2020-05-28,,,,Santa Barbara,US-CA
413,28.6844440538329,2020-06-07,,34.951294,-120.295422,Santa Barbara,US-CA
414,28.6403642795444,2023-06-17,,35.36549,-115.5887,San Bernardino,US-CA
415,28.5770250344267,2020-07-23,2020-11-07,41.698583,-121.612883,Siskiyou,US-CA
416,28.4466060178721,2021-08-30,2021-08-31,32.57202,-116.7788,San Diego,US-CA
417,28.2710991961067,2020-06-09,2020-08-03,38.827788,-120.988571,El Dorado,US-CA
418,27.6328579829832,2021-01-15,,,,Ventura,US-CA
419,27.6100502488019,2020-08-17,,40.041655,-121.664822,Tehama,US-CA
420,26.8662314388151,2022-09-23,2022-09-30,34.17134,-116.9711,San Bernardino,US-CA
421,26.7296173162732,2020-08-11,,34.27786,-118.6047,Los Angeles,US-CA
422,26.6676800345342,2021-04-18,2021-04-19,34.95876,-118.2031,Kern,US-CA
423,26.5396550049756,2021-04-29,,34.15848,-118.80565,Ventura,US-CA
424,26.501644057685,2022-04-30,2022-05-08,34.32366,-116.8158,San Bernardino,US-CA
425,26.4950253861934,2021-04-29,,,,Ventura,US-CA
426,26.0906566650362,2021-06-28,2021-07-07,34.20243,-117.2784,San Bernardino,US-CA
427,25.8924904692696,2022-09-04,2022-09-30,37.833483,-119.766833,Tuolumne,US-CA
428,25.8243980644116,2021-08-09,2021-10-26,38.39875,-119.9688,Tuolumne,US-CA
429,25.8223453524116,2020-09-07,,,,Santa Barbara,US-CA
430,25.3818423212231,2021-06-20,2021-06-20,34.55275,-115.1939,San Bernardino,US-CA
431,25.3662316554092,2021-05-22,2021-06-05,34.52203,-119.6881,Santa Barbara,US-CA
432,25.2291099618674,2022-06-21,,32.56825,-116.746883,San Diego,US-CA
433,25.2015721284085,2020-06-02,2020-06-04,40.808353,-120.289093,Lassen,US-CA
434,25.1052938711293,2021-08-10,,34.18621,-117.2688,San Bernardino,US-CA
435,25.0480196371843,2020-07-21,2020-07-28,40.06358,-120.2363,Plumas,US-CA
436,25.0046400423809,2022-07-05,2022-07-17,32.81083,-114.5855,Imperial,US-CA
437,24.7543956160354,2020-09-09,,33.2805,-115.4815,Imperial,US-CA
438,24.6919866343729,2021-03-31,,39.481547,-121.23287,Yuba,US-CA
439,24.691986629906,2021-07-07,2021-08-03,37.40583,-118.6422,Inyo,US-CA
440,24.6103046458419,2020-08-17,2020-10-01,38.662333,-122.3095,Napa,US-CA
441,24.0516056011492,2022-06-17,2022-07-02,37.77032,-119.5394,Mariposa,US-CA
442,23.6141569576735,2020-08-05,,,,Kern,US-CA
443,23.3250427369005,2021-07-15,,32.578481,-116.634023,San Diego,US-CA
444,23.0928675777267,2022-08-15,,39.051721,-120.941136,Placer,US-CA
445,22.2705348113574,2021-07-20,2021-10-26,38.624,-120.037167,Alpine,US-CA
446,22.1818997212269,2020-08-03,2020-08-04,33.772112,-117.136524,Riverside,US-CA
447,22.0204976774198,2022-07-12,,40.3705,-120.0685,Lassen,US-CA
448,21.9627494680236,2021-02-24,2021-03-09,41.56629,-120.6107,Modoc,US-CA
449,21.6380471080191,2022-06-23,,35.76632,-118.6835,Kern,US-CA
450,21.4651920721847,2020-10-26,2021-03-10,34.108261,-117.182504,San Bernardino,US-CA
451,21.3298344083232,2020-08-18,,39.963917,-121.624783,Butte,US-CA
452,21.2552308317677,2020-05-30,2020-06-08,38.72575,-119.6654,Alpine,US-CA
453,20.9587843902401,2022-11-20,2022-11-22,32.602106,-116.770115,San Diego,US-CA
454,20.8004743501572,2021-08-06,2021-08-23,41.35511,-121.6074,Siskiyou,US-CA
455,20.6150778161063,2020-08-16,2020-10-01,37.4239,-121.5677,Santa Clara,US-CA
456,20.3770435886974,2020-08-18,2020-08-28,40.04436,-120.9988,Plumas,US-CA
457,20.3315453378809,2021-04-04,2021-04-06,,,Ventura,US-CA
458,19.8973329450869,2023-04-20,2023-05-02,32.821049,-114.507371,Imperial,US-CA
459,19.5275394216681,2021-06-23,2021-07-09,41.62098,-120.8416,Modoc,US-CA
460,19.4422264679421,2022-05-20,2022-07-07,39.41355,-121.0702,Yuba,US-CA
461,19.2146764318987,2022-09-09,2022-09-30,41.786417,-122.706233,Siskiyou,US-CA
462,19.0512394456663,2021-05-18,2021-05-20,35.00426,-119.5081,San Luis Obispo,US-CA
463,18.9903248959763,2020-02-29,2020-03-29,32.82712,-114.5015,Imperial,US-CA
464,18.6442104655878,2021-01-13,,32.594381,-116.527763,San Diego,US-CA
465,18.0393088891713,2018-07-10,,,,Los Angeles,US-CA
466,17.9240327002492,2020-07-28,2020-08-14,41.09993,-122.1899,Shasta,US-CA
467,17.3434283759688,2022-05-22,2022-05-22,40.393128,-122.136669,Tehama,US-CA
468,17.2908458043551,2021-04-05,2021-04-07,34.69899,-119.3709,Ventura,US-CA
469,16.9695140662554,2022-06-24,2022-06-28,32.577083,-116.806666,San Diego,US-CA
470,16.9380204063076,2021-06-13,2021-06-13,34.17705,-117.2742,San Bernardino,US-CA
471,16.8901415432394,2020-05-09,2020-05-10,,,Los Angeles,US-CA
472,16.8708131517976,2021-05-19,2021-05-22,33.513048,-115.921329,Riverside,US-CA
473,16.2672529871357,2020-06-08,2020-06-09,33.786205,-116.890849,Riverside,US-CA
474,16.0609343653477,2020-08-28,,,,Ventura,US-CA
475,15.9993436812667,2020-06-12,,34.14302,-118.7381,Los Angeles,US-CA
476,15.8411660454342,2022-08-05,,40.907135,-123.595662,Trinity,US-CA
477,15.4269371627658,2021-04-30,2021-05-01,,,Ventura,US-CA
478,15.3691020115153,2021-05-28,2021-05-31,32.562309,-116.82559,San Diego,US-CA
479,15.253118449601,2023-03-11,2023-03-31,32.74054,-114.723,Imperial,US-CA
480,15.1835322096559,2020-05-07,2020-05-11,34.1334,-117.1833,San Bernardino,US-CA
481,15.1537709278762,2021-06-24,2021-07-04,40.397467,-120.772617,Lassen,US-CA
482,15.1391216279282,2022-03-08,2022-04-24,38.983383,-120.778217,El Dorado,US-CA
483,14.9881750760427,2020-06-04,2020-06-15,40.87291,-122.2485,Shasta,US-CA
484,14.9039997153978,2020-07-26,2020-08-04,40.151033,-121.26545,Plumas,US-CA
485,14.8415453260671,2023-05-28,2023-05-29,35.06855,-119.51605,San Luis Obispo,US-CA
486,14.742731457272,2023-05-14,,,,Kern,US-CA
487,14.6498194984726,2022-08-19,2022-08-23,32.62087,-116.83308,San Diego,US-CA
488,14.5880831872624,2020-07-28,2020-08-08,40.80284,-122.3377,Shasta,US-CA
489,14.5733865467596,2021-03-03,2021-03-18,,,Fresno,US-CA
490,14.5532052809067,2020-06-08,2020-06-14,35.09539,-120.0573,Santa Barbara,US-CA
491,14.3104978662398,2022-06-13,2022-06-17,34.56886,-118.6888,Los Angeles,US-CA
492,14.2990615400447,2020-08-16,2020-08-19,,,Kern,US-CA
493,14.2190203215308,2021-04-01,,,,Ventura,US-CA
494,14.0896429080689,2020-09-05,2020-09-08,35.37763,-115.8795,San Bernardino,US-CA
495,14.0276891377811,2022-06-10,,,,Kern,US-CA
496,14.0068773165247,2021-05-06,2021-05-11,33.593694,-116.725256,Riverside,US-CA
497,14.0007324724473,2021-09-08,2022-01-04,41.557381,-123.19835,Siskiyou,US-CA
498,13.9921612281533,2020-02-18,2020-03-24,34.28084,-114.139,San Bernardino,US-CA
499,13.8689618087271,2022-05-01,,33.501656,-115.91309,Riverside,US-CA
500,13.8173685215751,2021-05-04,,34.225262,-117.40967,San Bernardino,US-CA
501,13.578384704356,2023-05-28,2023-05-29,35.068917,-119.515533,Kern,US-CA
502,13.5783843746611,2023-05-28,,,,Kern,US-CA
503,13.5700787010669,2022-08-11,2022-08-24,41.697833,-123.052,Siskiyou,US-CA
504,13.2845210656709,2020-02-29,2020-03-03,39.94581,-119.9385,Lassen,US-CA
505,13.0080487894494,2020-03-06,2020-03-10,33.64141,-117.4426,Riverside,US-CA
506,12.912461203133,2022-09-09,2022-09-14,40.26686,-123.0985,Trinity,US-CA
507,12.5641293028531,2020-06-26,2020-06-28,33.564654,-116.753473,Riverside,US-CA
508,12.4959181827735,2021-10-05,2021-10-11,40.711711,-120.814472,Lassen,US-CA
509,12.4894538745444,2021-07-29,2021-10-25,36.75309,-118.6722,Fresno,US-CA
510,12.3285979939936,2020-08-18,,39.8915,-121.502167,Butte,US-CA
511,12.325767766257,2021-05-14,2021-05-26,40.975333,-120.0905,Lassen,US-CA
512,12.3090441242748,2020-08-19,2022-10-31,40.06181,-122.9823,Trinity,US-CA
513,12.2805460088378,2022-08-11,2022-11-03,39.46228,-120.8521,Nevada,US-CA
514,11.9926017715555,2023-05-18,,,,Kern,US-CA
515,11.9878760290125,2020-06-29,2020-07-05,40.976833,-121.214167,Lassen,US-CA
516,11.8835949458015,2020-10-18,2020-11-19,37.568954,-120.14159,Mariposa,US-CA
517,11.8769266425418,2020-08-03,2020-10-30,36.90991,-119.2457,Fresno,US-CA
518,11.8762375073638,2022-10-12,2023-01-03,41.25653,-123.6006,Humboldt,US-CA
519,11.6270125055087,2021-06-16,,,,Orange,US-CA
520,11.5847789029313,2020-06-21,2020-07-07,38.11419,-120.3659,Tuolumne,US-CA
521,11.4665840846313,2022-08-09,2022-08-16,41.033467,-121.244707,Lassen,US-CA
522,11.457731313083,2022-09-06,,39.1252,-120.816083,Placer,US-CA
523,11.4348191359927,2020-09-09,2020-09-16,39.86332,-120.4647,Plumas,US-CA
524,11.3863171918801,2020-06-28,2020-06-29,35.14716,-119.3669,Kern,US-CA
525,11.3663472636314,2022-06-17,2022-06-23,40.8727,-120.1525,Lassen,US-CA
526,11.3219301568457,2020-08-10,2020-08-11,40.400932,-121.938143,Tehama,US-CA
527,11.3136772107053,2020-07-28,2020-09-18,41.07941,-122.8225,Trinity,US-CA
528,11.1975197128937,2021-07-02,2021-08-04,37.82167,-119.5642,Mariposa,US-CA
529,11.1795005736009,2021-08-27,2021-09-08,40.87826,-122.3019,Shasta,US-CA
530,11.1379044983368,2020-06-29,2020-06-29,33.84494,-116.5835,Riverside,US-CA
531,11.1347091126014,2021-06-30,2021-09-02,37.71077,-119.53458,Mariposa,US-CA
532,11.1078565278777,2020-05-26,2020-05-27,,,San Bernardino,US-CA
533,11.0545822567557,2021-07-05,2021-07-20,41.2056,-122.7427,Trinity,US-CA
534,11.0057265692272,2020-06-27,2020-07-16,38.58474,-119.6462,Alpine,US-CA
535,10.8658038186787,2020-07-31,2020-08-01,40.534317,-121.9601,Shasta,US-CA
536,10.8624387553515,2022-05-22,2022-05-26,34.3052,-117.466,San Bernardino,US-CA
537,10.7332848932856,2021-07-04,2021-07-07,40.641267,-122.45775,Shasta,US-CA
538,10.6165280389223,2020-05-11,2020-05-21,41.42749,-121.7773,Siskiyou,US-CA
539,10.6127802562743,2021-03-26,2021-04-18,41.8603,-123.042117,Siskiyou,US-CA
540,10.5327517065532,2022-07-22,2022-08-06,40.374,-120.257667,Lassen,US-CA
541,10.5185817882727,2020-06-17,2020-06-20,34.17945,-117.44355,San Bernardino,US-CA
542,10.5123989753951,2020-07-03,2020-07-11,41.4751,-120.2222,Modoc,US-CA
543,10.4137657968594,2021-05-11,2021-05-19,34.32992,-117.5131,San Bernardino,US-CA
544,10.4137650996353,2021-05-11,2021-08-14,,,San Bernardino,US-CA
545,10.4133872905104,2021-01-10,2021-01-13,34.24384,-117.4343,San Bernardino,US-CA
546,10.4012783654569,2022-06-26,2022-07-10,41.31,-122.366617,Siskiyou,US-CA
547,10.3732322039018,2021-05-01,2021-05-04,34.24206,-117.4318,San Bernardino,US-CA
548,10.3732322037208,2020-07-26,2020-07-30,34.22482,-117.4092,San Bernardino,US-CA
549,10.356296195776,2020-06-19,2020-06-22,40.305959,-122.208289,Tehama,US-CA
550,10.2312163341219,2022-06-15,2022-06-19,34.51051,-118.109,Los Angeles,US-CA
551,10.0025884754385,2022-06-25,,,,San Diego,US-CA
552,9.85843841583524,2022-05-10,2022-05-11,33.781,-116.8998,Riverside,US-CA
553,9.83696230789857,2020-10-08,2020-10-10,32.562945,-116.824748,San Diego,US-CA
554,9.81533218805632,2022-02-09,2022-04-15,32.74223,-114.6428,Imperial,US-CA
555,9.74058074869681,2020-08-17,2020-09-07,39.77752,-121.249,Plumas,US-CA
556,9.69703929325166,2023-05-21,,,,Kern,US-CA
557,9.67427418568699,2023-05-28,2023-05-29,35.094056,-119.48125,Kern,US-CA
558,9.67427407721809,2023-05-28,,,,Kern,US-CA
559,9.59856734081318,2021-04-13,2021-07-13,39.8795,-120.7235,Plumas,US-CA
560,9.5130839536131,2021-07-16,,39.758265,-121.583112,Butte,US-CA
561,9.39035021774642,2020-08-15,2020-08-26,33.68238,-116.7852,Riverside,US-CA
562,9.38091571342932,2020-07-05,2020-07-09,40.62427,-122.46625,Shasta,US-CA
563,9.27453363264987,2022-07-07,2022-07-08,40.644383,-122.460467,Shasta,US-CA
564,9.09523996707668,2022-03-03,2022-03-07,33.59357,-117.5116,Orange,US-CA
565,9.0829438891394,2021-05-18,2021-05-20,33.763383,-116.891196,Riverside,US-CA
566,9.05440160091222,2021-07-04,2021-07-04,33.86889,-116.88165,Riverside,US-CA
567,9.02530353399182,2020-06-14,2020-06-19,,,Tulare,US-CA
568,8.97903275955875,2022-07-04,2022-07-06,32.73484,-114.6142,Imperial,US-CA
569,8.95591452640245,2022-09-28,2022-10-17,39.46326,-119.9858,Sierra,US-CA
570,8.55742745355928,2021-07-01,2021-09-02,37.69668,-119.5489,Mariposa,US-CA
571,8.55303190149483,2021-08-16,2021-09-01,41.089083,-120.159333,Lassen,US-CA
572,8.50224118191411,2023-05-22,2023-05-31,41.87871,-120.7559,Modoc,US-CA
573,8.43724409830054,2021-07-04,2021-07-07,34.25699,-117.4579,San Bernardino,US-CA
574,8.41087460866871,2021-08-28,2021-08-30,35.310667,-119.859,San Luis Obispo,US-CA
575,8.28042509246977,2020-07-24,2020-11-19,38.48669,-119.8702,Alpine,US-CA
576,8.02021407222528,2022-07-03,,32.56103,-116.89175,San Diego,US-CA
577,7.92365903236998,2022-06-06,,,,Santa Barbara,US-CA
578,7.80431166164596,2020-08-18,2020-08-25,40.1296,-120.9988,Plumas,US-CA
579,7.68602624176998,2020-08-18,,39.84,-121.775833,Butte,US-CA
580,7.52182951496159,2021-08-11,2021-08-13,32.60643,-116.6119,San Diego,US-CA
581,7.5149539498269,2020-11-28,2020-12-01,34.1717,-117.1282,San Bernardino,US-CA
582,7.47799726651567,2021-09-25,2021-10-18,38.955717,-120.48725,Placer,US-CA
583,7.3335923474619,2021-07-19,,34.06614,-118.61787,Los Angeles,US-CA
584,7.28799658298965,2020-11-03,2020-11-03,33.919507,-117.103765,Riverside,US-CA
585,7.28071502888718,2022-07-09,2022-07-10,32.56656,-116.78974,San Diego,US-CA
586,7.21150277763454,2021-08-27,2021-10-27,40.93142,-122.465,Shasta,US-CA
587,7.08633316995252,2020-07-06,2020-07-19,,,Marin,US-CA
588,6.99188824007261,2020-06-17,,,,San Luis Obispo,US-CA
589,6.98543392701375,2020-12-08,2020-12-09,32.55774,-116.8589,San Diego,US-CA
590,6.85754809507988,2023-05-22,,,,Kern,US-CA
591,6.82887305498399,2021-07-14,2021-09-15,38.989667,-120.557083,Placer,US-CA
592,6.73224851043639,2020-09-08,,,,Los Angeles,US-CA
593,6.57653185224932,2021-08-13,2021-10-03,37.95049,-119.4093,Tuolumne,US-CA
594,6.53968586683246,2021-08-31,2021-09-09,35.25721,-115.1506,San Bernardino,US-CA
595,6.41435578089087,2021-09-18,2021-09-21,32.64124,-116.0521,Imperial,US-CA
596,6.36420519165397,2020-08-18,,40.0347,-121.70199,Tehama,US-CA
597,6.28407732936115,2021-06-04,2021-06-06,34.237222,-117.4096,San Bernardino,US-CA
598,5.99138664954926,2021-03-31,2021-04-01,35.36661,-117.6194,San Bernardino,US-CA
599,5.99130830643726,2021-07-14,2021-08-20,37.14372,-118.4706,Inyo,US-CA
600,5.95991011464354,2020-05-28,2020-05-30,34.10181,-117.0002,San Bernardino,US-CA
601,5.9023489364871,2021-07-28,,40.8088,-120.379467,Lassen,US-CA
602,5.76179943376575,2022-11-17,,,,Ventura,US-CA
603,5.52724832716803,2021-05-20,,,,Santa Barbara,US-CA
604,5.48990132415424,2023-06-06,,41.360169,-123.457611,Siskiyou,US-CA
605,5.40682768313996,2022-07-20,,32.60438,-116.90179,San Diego,US-CA
606,5.40616264643458,2021-12-01,,33.23508,-115.4348,Imperial,US-CA
607,5.37525547992208,2020-05-11,2020-05-21,41.080051,-120.705442,Lassen,US-CA
608,5.28737039402136,2021-04-29,2021-04-29,34.1473,-118.69909,Los Angeles,US-CA
609,5.28154022530168,2020-07-19,2020-07-21,39.15809,-122.479662,Lake,US-CA
610,5.20583923045459,2020-10-10,2020-10-11,34.03454,-118.70581,Los Angeles,US-CA
611,5.15125392458096,2020-10-17,2020-11-10,34.36559,-117.6865,Los Angeles,US-CA
612,5.13600773595855,2021-03-19,2021-03-29,35.49327,-115.0123,San Bernardino,US-CA
613,5.04269932326444,2020-03-09,2020-03-16,34.49203,-119.7953,Santa Barbara,US-CA
614,4.9958155348049,2021-07-12,2021-07-17,35.07645,-120.1562,Santa Barbara,US-CA
615,4.99543736279817,2022-07-24,,,,Santa Barbara,US-CA
616,4.98960933376635,2022-07-10,2022-07-14,37.75807,-119.5353,Mariposa,US-CA
617,4.98960908878319,2022-07-10,,,,Mariposa,US-CA
618,4.88667300517204,2020-08-02,2020-08-10,39.79864,-120.0355,Lassen,US-CA
619,4.85098404727119,2021-07-09,,34.03932,-118.58952,Los Angeles,US-CA
620,4.8066242050924,2022-05-15,2022-05-17,32.56201,-116.799928,San Diego,US-CA
621,4.7154766719758,2021-06-29,2021-07-07,38.68891,-119.7237,Alpine,US-CA
622,4.68654184634352,2022-05-26,,,,Kern,US-CA
623,4.62097772467714,2021-07-14,2021-07-28,38.14353,-120.0997,Tuolumne,US-CA
624,4.61485682276953,2022-07-15,2022-08-13,32.74493,-114.6048,Imperial,US-CA
625,4.59543226797543,2020-05-08,2020-05-18,40.86881,-120.129094,Lassen,US-CA
626,4.59018736434668,2021-04-15,2021-04-21,41.43436,-120.8455,Modoc,US-CA
627,4.54135507832181,2022-07-17,2022-07-18,32.591056,-116.933186,San Diego,US-CA
628,4.20633329193678,2020-06-06,2020-06-10,,,Kern,US-CA
629,4.19250573840602,2020-09-08,,41.249283,-123.3241,Siskiyou,US-CA
630,4.15488110654658,2023-06-04,2023-06-14,40.9884,-122.0444,Shasta,US-CA
631,4.06569087334124,2022-06-25,,33.936609,-117.039185,Riverside,US-CA
632,4.0308277186611,2022-05-07,2022-05-09,32.591295,-116.92511,San Diego,US-CA
633,3.99763604819883,2022-06-07,,,,Santa Barbara,US-CA
634,3.93512625638388,2022-10-29,2022-12-14,41.34653,-121.8899,Siskiyou,US-CA
635,3.91038046487126,2021-02-28,,34.04019,-118.69829,Los Angeles,US-CA
636,3.86153926608253,2021-05-29,2021-05-30,41.61296,-120.4136,Modoc,US-CA
637,3.79603042159778,2021-08-01,2021-08-13,41.47977,-121.7258,Siskiyou,US-CA
638,3.78863235340756,2021-09-10,2021-09-12,34.10385,-117.1067,San Bernardino,US-CA
639,3.77091171209175,2021-09-10,2021-09-14,36.418917,-118.7851,Tulare,US-CA
640,3.6614320441861,2020-08-02,2020-08-10,39.80618,-120.0334,Lassen,US-CA
641,3.60273776724252,2022-05-08,,,,Santa Barbara,US-CA
642,3.57496955542887,2022-10-09,2022-10-14,35.79936,-118.0701,Tulare,US-CA
643,3.55028974061139,2021-09-29,,35.20377,-119.4787,Kern,US-CA
644,3.53037823385428,2020-12-19,2020-12-25,32.77404,-115.2711,Imperial,US-CA
645,3.46800152509862,2021-05-06,2021-05-13,39.66941,-120.2385,Sierra,US-CA
646,3.4316971342936,2021-05-15,2021-05-24,35.59436,-118.4901,Kern,US-CA
647,3.40322248339869,2023-05-07,2023-05-09,35.136799,-119.411881,Kern,US-CA
648,3.38300379141295,2022-08-26,,41.825,-122.974,Siskiyou,US-CA
649,3.3548938077001,2021-07-30,,41.441333,-122.955,Siskiyou,US-CA
650,3.3548936869983,2021-07-30,2021-07-31,41.45,-122.963533,Siskiyou,US-CA
651,3.35489354922668,2021-07-31,2021-08-02,41.445083,-122.964467,Siskiyou,US-CA
652,3.35489267805082,2021-07-30,,41.749702,-123.00086,Siskiyou,US-CA
653,3.35489247247727,2021-07-31,,41.321449,-123.014772,Siskiyou,US-CA
654,3.35489240145591,2021-08-01,2021-08-04,41.077443,-122.969577,Siskiyou,US-CA
655,3.35489235904981,2021-07-31,2022-01-04,41.331,-123.1915,Siskiyou,US-CA
656,3.35489207445159,2021-08-02,2022-01-04,41.1135,-122.972833,Siskiyou,US-CA
657,3.35489201531003,2021-07-31,2022-01-04,41.425367,-122.975033,Siskiyou,US-CA
658,3.35489087574845,2021-07-30,2021-08-03,41.3988,-122.947967,Siskiyou,US-CA
659,3.35489086570391,2021-08-01,,41.180483,-122.962817,Siskiyou,US-CA
660,3.35489079076269,2021-07-31,2022-01-04,41.211333,-122.959867,Siskiyou,US-CA
661,3.35489030730693,2021-07-31,2022-01-04,41.272158,-123.05243,Siskiyou,US-CA
662,3.35489006496573,2021-08-01,2022-01-04,41.181666,-122.943333,Siskiyou,US-CA
663,3.35488992439271,2021-07-31,2022-01-04,41.274833,-123.058833,Siskiyou,US-CA
664,3.35488915570838,2021-08-02,2022-01-04,41.066666,-122.923333,Siskiyou,US-CA
665,3.35488836607564,2021-08-01,,41.196666,-122.923333,Siskiyou,US-CA
666,3.3548875226237,2021-07-30,2021-08-02,41.535317,-123.095567,Siskiyou,US-CA
667,3.35488752238098,2021-07-31,2022-01-04,41.235717,-123.053967,Siskiyou,US-CA
668,3.35488646682109,2021-08-07,2021-08-11,41.00778,-122.8944,Trinity,US-CA
669,3.35488096375719,2021-07-31,,41.359568,-123.135036,Siskiyou,US-CA
670,3.35488053773619,2021-07-31,2022-01-04,41.228975,-123.134305,Siskiyou,US-CA
671,3.35487896217684,2021-07-30,2022-01-04,41.449,-123.1629,Siskiyou,US-CA
672,3.35487592888453,2021-07-31,2021-08-02,41.334,-123.163667,Siskiyou,US-CA
673,3.35486944150682,2021-08-01,2022-01-04,41.231633,-123.191533,Siskiyou,US-CA
674,3.35479158699591,2021-08-02,2022-01-04,41.363667,-122.581333,Siskiyou,US-CA
675,3.33907643660187,2021-08-23,2021-09-26,38.0154,-119.5664,Tuolumne,US-CA
676,3.24451284427278,2023-05-28,2023-05-29,35.081248,-119.491684,San Luis Obispo,US-CA
677,3.10158874770554,2021-05-21,2021-06-06,41.2781,-123.679359,Humboldt,US-CA
678,3.09757245254962,2022-08-07,2022-08-21,40.89216,-122.3831,Shasta,US-CA
679,3.06045714760576,2022-06-23,2023-01-25,34.237,-117.6601,Los Angeles,US-CA
680,3.05720628504066,2022-08-01,2022-08-02,41.50613,-120.952,Modoc,US-CA
681,2.95734994340198,2020-06-25,,35.30531,-119.8551,San Luis Obispo,US-CA
682,2.91801072831122,2020-06-09,,,,Los Angeles,US-CA
683,2.89734139303249,2021-04-25,2021-04-27,34.95597,-118.1997,Kern,US-CA
684,2.88370496337263,2021-01-17,,34.05896,-118.65039,Los Angeles,US-CA
685,2.87047102393726,2020-10-17,,34.1441,-118.73946,Los Angeles,US-CA
686,2.84914843504856,2022-06-24,,32.566722,-116.747255,San Diego,US-CA
687,2.83018055134502,2021-08-06,2021-08-12,41.55329,-121.1874,Modoc,US-CA
688,2.80885834899354,2022-09-14,2022-09-18,40.669333,-120.2828,Lassen,US-CA
689,2.80648952371677,2021-05-02,2021-05-06,34.2853,-118.2215,Los Angeles,US-CA
690,2.79317663602444,2021-08-09,2021-08-28,37.81562,-119.8661,Tuolumne,US-CA
691,2.71019486310183,2023-05-15,,,,Kern,US-CA
692,2.65382591805645,2022-07-09,2022-07-11,33.71117,-117.2877,Riverside,US-CA
693,2.65382550548304,2022-07-09,,33.709946,-117.285183,Riverside,US-CA
694,2.65179937765425,2020-07-04,2020-07-04,,,Los Angeles,US-CA
695,2.61582024408066,2020-06-22,2020-06-30,34.67432,-119.9203,Santa Barbara,US-CA
696,2.61422883027128,2020-07-22,,,,Los Angeles,US-CA
697,2.60589449546552,2021-06-22,2021-06-30,41.48079,-121.4759,Siskiyou,US-CA
698,2.4901920447691,2023-05-30,,35.733555,-119.579632,Kern,US-CA
699,2.48395505751429,2022-07-15,2022-07-29,41.07161,-121.8365,Shasta,US-CA
700,2.41398495481035,2021-05-08,2021-05-17,41.41183,-122.3301,Siskiyou,US-CA
701,2.40496125171652,2021-03-13,2021-03-17,39.98518,-120.9386,Plumas,US-CA
702,2.34487774618047,2022-02-20,2022-03-14,37.783513,-120.111489,Mariposa,US-CA
703,2.32755159736913,2021-08-28,2021-08-29,33.569732,-116.68686,Riverside,US-CA
704,2.32026748036045,2021-07-03,2021-07-04,33.55852,-116.7137,Riverside,US-CA
705,2.30741660856649,2022-08-05,2022-08-07,41.76931,-121.1485,Modoc,US-CA
706,2.29061411881304,2022-04-06,,34.27786,-118.6047,Los Angeles,US-CA
707,2.28449711359099,2020-06-27,,,,Kern,US-CA
708,2.26576398856184,2021-09-10,2021-09-11,38.987667,-120.189,El Dorado,US-CA
709,2.23769840378611,2021-08-18,,34.2698,-118.6335,Los Angeles,US-CA
710,2.15330461442267,2020-07-12,2020-07-13,33.871222,-116.89443,Riverside,US-CA
711,2.12342553067545,2021-07-01,2021-08-08,37.88918,-119.5501,Mariposa,US-CA
712,2.11236739042737,2022-04-26,2022-05-13,32.73564,-114.6225,Imperial,US-CA
713,2.09124557836089,2021-09-10,2021-09-18,,,Tulare,US-CA
714,2.06920019218199,2020-11-05,,32.635143,-116.635751,San Diego,US-CA
715,2.03242613148362,2020-08-12,2020-08-14,35.40793,-115.7796,San Bernardino,US-CA
716,1.96857293493173,2021-09-02,2021-09-03,33.569769,-116.750296,Riverside,US-CA
717,1.9660808910537,2021-07-27,2021-08-03,41.87414,-120.5038,Modoc,US-CA
718,1.9483812310136,2020-08-18,,39.9871,-121.6297,Butte,US-CA
719,1.9160756790153,2020-09-17,2020-09-20,41.317222,-120.507177,Modoc,US-CA
720,1.86568319151941,2021-01-08,2021-01-10,34.08118,-118.8019,Los Angeles,US-CA
721,1.85484821583931,2022-03-10,2022-03-18,39.47524,-121.2018,Yuba,US-CA
722,1.85044469999752,2021-01-10,2021-01-11,32.58733,-116.768958,San Diego,US-CA
723,1.84149506943672,2022-08-25,,,,Ventura,US-CA
724,1.79160180056288,2021-05-29,2021-05-29,41.82169,-120.3509,Modoc,US-CA
725,1.76662673590694,2021-07-28,2021-08-04,39.58176,-120.0187,Sierra,US-CA
726,1.75021474537925,2021-07-31,2021-08-12,40.80323,-123.4829,Trinity,US-CA
727,1.70988672404488,2018-06-20,,,,Los Angeles,US-CA
728,1.69915842390906,2020-05-26,2020-05-28,34.54233,-119.72,Santa Barbara,US-CA
729,1.6876942088866,2023-06-08,,35.5017,-119.0522,Kern,US-CA
730,1.6857487067835,2020-12-01,2020-12-03,34.101283,-117.177883,San Bernardino,US-CA
731,1.67898970759219,2020-07-16,,33.695575,-116.850688,Riverside,US-CA
732,1.65156215642821,2020-08-12,2020-08-13,41.641968,-120.181606,Modoc,US-CA
733,1.64796819508651,2020-08-17,,39.762933,-122.805316,Glenn,US-CA
734,1.61419135008097,2020-07-30,,34.40891,-117.0018,San Bernardino,US-CA
735,1.53312966523203,2020-08-02,,,,Santa Barbara,US-CA
736,1.51572548006257,2021-05-29,2021-05-30,41.82843,-120.3535,Modoc,US-CA
737,1.50094008924618,2020-06-03,2020-06-18,35.93517,-121.4309,Monterey,US-CA
738,1.48150158399694,2021-06-07,2021-06-10,41.15911,-122.3619,Shasta,US-CA
739,1.46868248581738,2021-08-02,2021-08-13,41.39864,-121.5607,Siskiyou,US-CA
740,1.40638858221966,2021-07-07,2021-07-15,38.24942,-119.5446,Mono,US-CA
741,1.40240975900702,2020-08-12,2020-09-07,32.68503,-115.6945,Imperial,US-CA
742,1.3918911111096,2020-08-21,,39.964167,-121.456333,Butte,US-CA
743,1.37872844639872,2021-09-24,2021-09-24,32.841944,-116.325833,San Diego,US-CA
744,1.36624621651404,2021-07-22,,,,Los Angeles,US-CA
745,1.35316976261697,2021-07-22,,,,Ventura,US-CA
746,1.34612799792511,2021-06-28,2021-08-09,38.1783,-119.9053,Tuolumne,US-CA
747,1.32983067563452,2021-07-30,2021-08-02,40.11287,-120.7496,Plumas,US-CA
748,1.32573244210221,2021-07-05,2021-07-07,41.18795,-122.3418,Shasta,US-CA
749,1.3195334679727,2021-05-15,2021-05-19,40.82215,-123.2461,Trinity,US-CA
750,1.30946105233968,2021-04-02,2021-04-04,34.54494,-119.8778,Santa Barbara,US-CA
751,1.30456478410519,2021-06-22,2021-06-28,41.78429,-120.6026,Modoc,US-CA
752,1.28304246048274,2021-07-20,,34.26781,-118.6355,Los Angeles,US-CA
753,1.27481338213112,2021-10-18,2021-10-19,35.07724,-119.9882,San Luis Obispo,US-CA
754,1.26815246636544,2020-08-07,2020-08-14,37.83158,-119.9599,Tuolumne,US-CA
755,1.2637655429251,2021-08-15,2021-08-15,33.792868,-117.397831,Riverside,US-CA
756,1.23738501024427,2020-11-13,2020-11-13,34.03919,-118.58876,Los Angeles,US-CA
757,1.22958974805423,2020-07-05,2021-04-24,34.41789,-117.831,Los Angeles,US-CA
758,1.20827441650048,2021-12-11,2021-12-17,33.27413,-115.4795,Imperial,US-CA
759,1.19931152509623,2020-05-30,2020-06-08,38.5933,-119.6489,Alpine,US-CA
760,1.16233486448722,2022-04-23,,33.193986,-116.59347,San Diego,US-CA
761,1.1606986376248,2022-05-11,,,,Santa Barbara,US-CA
762,1.12935568471654,2021-05-25,2021-05-25,,,Los Angeles,US-CA
763,1.12935568471654,2021-05-25,2021-05-25,,,Los Angeles,US-CA
764,1.11135258656607,2021-10-04,2021-10-12,39.81002,-121.0168,Plumas,US-CA
765,1.10029999896418,2020-08-18,2020-08-23,40.7346,-121.5959,Shasta,US-CA
766,1.08650648419284,2020-07-31,2020-08-01,34.47855,-118.2994,Los Angeles,US-CA
767,1.08411597874784,2021-06-29,2021-07-31,36.20988,-118.196,Tulare,US-CA
768,1.02780107979281,2022-07-22,2022-07-29,32.78864,-114.6175,Imperial,US-CA
769,1.02006034183967,2023-05-01,2023-05-01,35.1369,-119.4132,Kern,US-CA
770,1.01683046310087,2019-09-30,,,,Los Angeles,US-CA
771,1.0099708129102,2021-09-05,2021-09-05,33.615906,-116.914321,Riverside,US-CA
772,1.00295372396006,2020-10-13,,,,Los Angeles,US-CA
773,1.00273638096409,2020-07-13,,34.04341,-118.652,Los Angeles,US-CA
774,1.00103821726325,2021-11-12,2021-11-14,33.77592,-116.5449,Riverside,US-CA
775,0.968209774933587,2021-05-08,2021-05-09,34.31069,-118.3562,Los Angeles,US-CA
776,0.963915993814448,2022-08-09,2022-08-16,41.49521,-121.4761,Siskiyou,US-CA
777,0.955290124002665,2021-07-16,,33.85501,-116.6069,Riverside,US-CA
778,0.941996030750981,2021-10-12,2021-10-14,36.78334,-118.2701,Inyo,US-CA
779,0.933752836429771,2023-06-06,2023-06-10,41.175,-123.528194,Humboldt,US-CA
780,0.929949608275721,2022-06-05,2022-06-06,32.579461,-116.863291,San Diego,US-CA
781,0.904092745054236,2021-01-15,2021-01-15,34.03296,-118.74289,Los Angeles,US-CA
782,0.897007188517752,2022-05-15,,33.730003,-117.330945,Riverside,US-CA
783,0.868842361834971,2021-08-24,2021-08-26,34.26297,-117.8442,Los Angeles,US-CA
784,0.857304885401063,2023-05-29,,36.595119,-120.828837,San Benito,US-CA
785,0.852633041852035,2020-06-15,2020-11-12,37.54794,-119.0485,Madera,US-CA
786,0.826278201368107,2022-08-24,2022-08-27,41.5237,-120.9935,Modoc,US-CA
787,0.822008556729593,2022-07-30,2022-08-03,40.0228,-120.9552,Plumas,US-CA
788,0.814439721485653,2021-09-04,,35.17217,-119.6054,Kern,US-CA
789,0.810060396706316,2021-06-01,2021-06-02,,,Kern,US-CA
790,0.805181140958571,2021-09-18,2021-09-22,40.27933,-122.121459,Tehama,US-CA
791,0.801911466931086,2021-08-03,2021-08-08,41.2918,-120.9399,Modoc,US-CA
792,0.771860104504423,2022-12-10,,32.602106,-116.770115,San Diego,US-CA
793,0.760378986438294,2022-07-04,2022-07-06,32.646633,-116.105991,San Diego,US-CA
794,0.760177462629599,2021-06-22,2021-06-24,40.8286,-123.4864,Trinity,US-CA
795,0.756083510234968,2022-07-26,2022-08-12,32.65204,-114.7537,Imperial,US-CA
796,0.755613292313456,2021-09-18,,34.26781,-118.6355,Los Angeles,US-CA
797,0.746756845276568,2021-07-05,2021-07-08,40.79872,-123.5016,Trinity,US-CA
798,0.743943520733501,2023-05-17,,,,Kern,US-CA
799,0.726561959686062,2022-11-24,2022-11-25,,,Ventura,US-CA
800,0.714017688897206,2021-07-30,2021-08-10,40.50822,-123.2634,Trinity,US-CA
801,0.713135610379403,2023-04-30,2023-05-05,39.95732,-120.8871,Plumas,US-CA
802,0.700622875899474,2020-08-18,,39.622,-121.171167,Butte,US-CA
803,0.699138557842141,2020-08-18,2020-08-20,41.13338,-122.0564,Shasta,US-CA
804,0.692556948236502,2021-05-22,,33.714095,-117.26443,Riverside,US-CA
805,0.689552323931609,2022-08-10,2022-08-13,41.52756,-121.1691,Modoc,US-CA
806,0.676478842246479,2021-08-25,2021-08-28,39.95322,-120.4146,Plumas,US-CA
807,0.664241163033788,2020-08-17,2020-09-30,39.993233,-120.058483,Lassen,US-CA
808,0.663684285348854,2021-08-25,,41.703782,-122.641158,Siskiyou,US-CA
809,0.657152030651762,2021-07-27,2021-08-05,37.8531,-119.5918,Mariposa,US-CA
810,0.653070646666408,2021-05-15,2021-05-19,41.295,-122.3773,Siskiyou,US-CA
811,0.648526244918598,2021-06-15,2021-07-17,32.74166,-114.613,Imperial,US-CA
812,0.648247095917122,2020-07-16,,34.03974,-118.62384,Los Angeles,US-CA
813,0.644704626741813,2020-06-27,2020-06-30,40.88944,-122.3753,Shasta,US-CA
814,0.633101889764651,2021-06-25,,41.45605,-122.3323,Siskiyou,US-CA
815,0.631519722290787,2020-08-17,,39.527383,-121.281667,Butte,US-CA
816,0.624187277334371,2021-05-28,2021-06-01,40.15137,-120.9315,Plumas,US-CA
817,0.600876780033822,2022-09-10,2022-09-30,37.61594,-119.641,Mariposa,US-CA
818,0.599556354375266,2021-08-13,2021-08-24,38.85101,-119.8187,Alpine,US-CA
819,0.596387349046859,2020-06-15,2020-06-15,34.16502,-117.2518,San Bernardino,US-CA
820,0.593789070373853,2023-06-03,2023-06-07,40.001,-120.981,Plumas,US-CA
821,0.589935200805134,2021-06-23,2021-06-24,40.76775,-123.1361,Trinity,US-CA
822,0.573046938909634,2021-07-29,2021-08-02,35.55198,-115.5392,San Bernardino,US-CA
823,0.571303863566776,2021-05-07,,33.737636,-116.862611,Riverside,US-CA
824,0.539391638620621,2022-07-22,,33.724265,-117.267465,Riverside,US-CA
825,0.527508334686337,2022-08-20,2022-08-22,34.01139,-116.1683,Riverside,US-CA
826,0.526424987085936,2020-08-15,,34.7307,-120.5014,Santa Barbara,US-CA
827,0.501170950404664,2020-08-03,2020-08-09,39.30133,-120.5988,Placer,US-CA
828,0.49224253392851,2021-05-23,,,,Kern,US-CA
829,0.483492704150454,2020-06-10,2021-02-27,,,Los Angeles,US-CA
830,0.482839820386889,2020-08-18,,,,Los Angeles,US-CA
831,0.482819639128264,2020-08-17,,34.04051,-118.69728,Los Angeles,US-CA
832,0.482750871383578,2022-03-20,2022-03-20,38.920883,-120.781967,El Dorado,US-CA
833,0.470947348245975,2021-08-31,2021-09-06,40.7864,-120.352933,Lassen,US-CA
834,0.462979249454001,2020-05-09,2020-05-16,38.83418,-119.8018,Alpine,US-CA
835,0.462680244762074,2021-04-14,2021-04-15,34.56234,-119.9249,Santa Barbara,US-CA
836,0.454304265288705,2022-08-10,2022-08-23,41.36713,-122.1235,Siskiyou,US-CA
837,0.449003251167948,2021-06-24,2021-06-30,41.40052,-121.4591,Siskiyou,US-CA
838,0.448125636938223,2020-07-04,2020-07-07,37.74763,-120.0398,Mariposa,US-CA
839,0.438052305543877,2020-06-07,2020-06-07,34.10528,-118.41745,Los Angeles,US-CA
840,0.428818042342241,2022-08-09,2022-08-16,41.34993,-121.0515,Modoc,US-CA
841,0.42484186266636,2023-05-19,2023-05-20,35.197825,-119.715014,San Luis Obispo,US-CA
842,0.424655709836902,2021-05-21,2021-05-26,41.32411,-122.0056,Siskiyou,US-CA
843,0.417411474084748,2023-05-15,,,,Kern,US-CA
844,0.408671878261388,2021-09-23,,,,Ventura,US-CA
845,0.407310151739944,2021-04-13,2021-04-15,40.84222,-122.3519,Shasta,US-CA
846,0.402431854730645,2021-07-13,2021-07-17,39.53222,-121.1662,Butte,US-CA
847,0.38833036313423,2022-07-21,,32.590779,-116.702488,San Diego,US-CA
848,0.384255921148486,2021-07-04,2021-07-06,40.400278,-122.144444,Shasta,US-CA
849,0.383035326998545,2022-01-20,2022-01-25,32.589113,-116.89808,San Diego,US-CA
850,0.380253670877457,2021-07-23,2021-07-31,37.81741,-119.9278,Tuolumne,US-CA
851,0.380144711103082,2021-02-02,,,,San Diego,US-CA
852,0.378368110543627,2022-08-09,2022-08-15,41.59475,-120.2653,Modoc,US-CA
853,0.377276681656932,2020-07-09,2020-07-15,41.258487,-123.325424,Siskiyou,US-CA
854,0.376576310351045,2022-06-24,2022-06-28,40.16917,-120.9309,Plumas,US-CA
855,0.373921206621157,2020-06-01,,34.14534,-118.60785,Los Angeles,US-CA
856,0.370710262557673,2021-01-15,,34.03932,-118.58952,Los Angeles,US-CA
857,0.366483642138849,2021-08-09,2021-08-16,39.7504,-121.1474,Plumas,US-CA
858,0.358793734460518,2021-03-31,,,,Ventura,US-CA
859,0.350401329995078,2023-04-25,2023-04-28,39.95571,-120.9069,Plumas,US-CA
860,0.350365896130415,2021-08-15,2021-08-22,40.84738,-122.3363,Shasta,US-CA
861,0.349586007473576,2020-08-05,2020-08-05,35.39313,-115.8301,San Bernardino,US-CA
862,0.346358309419622,2021-10-05,2021-10-08,34.23807,-117.2967,San Bernardino,US-CA
863,0.344933710482604,2020-11-06,,34.10153,-117.1964,San Bernardino,US-CA
864,0.335348272782114,2021-07-18,2021-07-19,33.69655,-116.7575,Riverside,US-CA
865,0.332375467846289,2020-10-18,2020-10-18,34.03919,-118.58876,Los Angeles,US-CA
866,0.326637929023932,2022-10-23,2022-10-27,40.00141,-120.924,Plumas,US-CA
867,0.30684303339414,2022-06-13,2022-06-16,34.23463,-117.4262,San Bernardino,US-CA
868,0.306129073326705,2021-04-23,2021-07-13,39.9283,-120.8835,Plumas,US-CA
869,0.302296957700125,2021-06-04,,33.407308,-117.164531,San Diego,US-CA
870,0.300388638364198,2021-09-13,,32.678659,-116.099151,Imperial,US-CA
871,0.295294853753774,2020-08-02,2020-08-12,32.6359,-116.1236,Imperial,US-CA
872,0.283551958609975,2020-06-27,2020-07-28,33.774515,-117.313052,Riverside,US-CA
873,0.278277370826035,2020-08-15,,,,Santa Barbara,US-CA
874,0.272160820587308,2020-08-16,2020-08-21,34.87844,-119.1085,Kern,US-CA
875,0.272036194851308,2020-09-27,2020-09-28,32.83331,-116.7163,San Diego,US-CA
876,0.257997573209007,2020-06-05,2020-06-12,38.67284,-119.7692,Alpine,US-CA
877,0.257446581001042,2022-09-07,2022-09-13,37.95461,-119.6079,Tuolumne,US-CA
878,0.256946349364315,2020-07-25,2020-11-26,37.55279,-118.7736,Mono,US-CA
879,0.251711417516616,2022-06-18,2022-06-21,39.97508,-121.0428,Plumas,US-CA
880,0.250790871474046,2020-06-22,2020-06-23,34.59643,-119.3235,Ventura,US-CA
881,0.250314043563478,2020-10-26,2020-10-26,34.10005,-118.59357,Los Angeles,US-CA
882,0.250305860271147,2021-10-03,,34.08,-118.63284,Los Angeles,US-CA
883,0.250304316982243,2021-10-05,,34.1271,-118.65074,Los Angeles,US-CA
884,0.250300226976881,2022-07-05,,34.06925,-118.66914,Los Angeles,US-CA
885,0.250284953941113,2022-07-06,,34.03259,-118.75729,Los Angeles,US-CA
886,0.250284953941113,2022-07-06,,34.03389,-118.7545,Los Angeles,US-CA
887,0.250229988865614,2021-03-25,,,,Ventura,US-CA
888,0.241340788830933,2022-06-27,2022-06-28,40.7364,-123.2018,Trinity,US-CA
889,0.240306504891825,2022-09-09,2022-09-10,37.71339,-119.4576,Mariposa,US-CA
890,0.240298057061012,2022-09-10,,37.56718,-119.4306,Madera,US-CA
891,0.240293667988716,2022-09-06,2022-09-07,37.57714,-119.6974,Mariposa,US-CA
892,0.240227995168783,2022-09-10,2022-09-13,37.84909,-119.6239,Tuolumne,US-CA
893,0.23923404559338,2022-09-11,2022-09-11,37.59048,-119.6531,Mariposa,US-CA
894,0.236460606316082,2021-06-03,2021-06-05,33.73661,-116.7609,Riverside,US-CA
895,0.236231066186879,2021-04-21,,39.95558,-120.9364,Plumas,US-CA
896,0.235535768692169,2020-07-27,2020-08-10,39.66502,-120.0279,Sierra,US-CA
897,0.229874624291178,2022-03-22,2022-04-06,40.84313,-122.3508,Shasta,US-CA
898,0.226965185285088,2021-07-20,2021-08-29,38.42667,-119.7827,Alpine,US-CA
899,0.225444067561523,2022-04-04,,35.271142,-119.867413,San Luis Obispo,US-CA
900,0.224400844124712,2021-05-09,2021-05-12,37.6951,-119.0037,Mono,US-CA
901,0.223258239071169,2020-02-26,,,,Ventura,US-CA
902,0.219665359624991,2020-08-17,2020-08-21,34.86547,-114.6431,San Bernardino,US-CA
903,0.216879212672944,2020-07-26,2020-08-05,38.68098,-119.8577,Alpine,US-CA
904,0.216046973025434,2021-02-26,,,,Ventura,US-CA
905,0.213012106967134,2021-07-31,2021-08-23,37.90748,-119.9274,Tuolumne,US-CA
906,0.212726885641196,2021-07-23,2021-07-31,37.80402,-119.9254,Tuolumne,US-CA
907,0.208361256814606,2023-01-21,,34.03932,-118.59119,Los Angeles,US-CA
908,0.20675051185315,2021-08-25,2021-09-04,37.88385,-119.9629,Tuolumne,US-CA
909,0.205866324018397,2021-07-05,,34.26781,-118.6355,Los Angeles,US-CA
910,0.197777042487117,2020-10-21,2020-10-21,34.0934,-118.60576,Los Angeles,US-CA
911,0.197275248668192,2021-01-18,2021-01-21,34.36049,-117.4338,San Bernardino,US-CA
912,0.190973579384179,2020-06-13,2020-07-21,37.787283,-119.728133,Mariposa,US-CA
913,0.186244514899542,2020-06-30,2020-07-02,34.53374,-118.8922,Ventura,US-CA
914,0.184979531805353,2021-01-15,,32.637513,-116.113672,San Diego,US-CA
915,0.182117513045206,2022-06-07,2022-06-11,41.46587,-121.3016,Modoc,US-CA
916,0.178745717296613,2022-06-15,,,,Ventura,US-CA
917,0.177939456868965,2020-11-10,,34.03932,-118.58952,Los Angeles,US-CA
918,0.175951151263711,2021-03-26,2021-03-29,40.88735,-122.3921,Shasta,US-CA
919,0.17574024117279,2021-08-03,2021-08-11,40.43006,-123.192,Trinity,US-CA
920,0.175450174700183,2021-07-19,2021-07-29,38.601667,-120.324667,El Dorado,US-CA
921,0.174635311916976,2021-04-11,2021-04-13,35.65369,-118.3426,Kern,US-CA
922,0.169706075469881,2020-07-18,2020-07-18,33.6194,-117.2647,Riverside,US-CA
923,0.161717539250482,2020-12-07,2020-12-07,34.0347,-118.72336,Los Angeles,US-CA
924,0.159405726980658,2023-05-20,2023-05-21,41.37281,-120.9568,Modoc,US-CA
925,0.156580065396152,2021-01-18,2021-01-21,34.31636,-117.4791,San Bernardino,US-CA
926,0.14877770211294,2022-06-14,2022-06-17,34.32524,-117.427,San Bernardino,US-CA
927,0.145987627390985,2021-05-04,2021-05-15,37.69708,-118.955,Mono,US-CA
928,0.14304534576017,2022-05-10,,,,Ventura,US-CA
929,0.141344142217623,2020-10-27,2020-10-27,34.10917,-118.62958,Los Angeles,US-CA
930,0.141084823185496,2020-11-01,2020-11-02,,,Ventura,US-CA
931,0.139776158611623,2021-06-09,2021-06-10,40.6411,-122.94853,Trinity,US-CA
932,0.139356387192785,2021-04-14,2021-04-14,34.47989,-118.2954,Los Angeles,US-CA
933,0.138244629230068,2021-05-21,,,,Los Angeles,US-CA
934,0.134460763469585,2021-06-20,2021-06-21,34.66468,-118.7619,Los Angeles,US-CA
935,0.134251309638481,2021-05-29,2021-05-30,41.81705,-120.3518,Modoc,US-CA
936,0.132134001555277,2020-06-23,2020-07-16,38.85781,-119.809,Alpine,US-CA
937,0.130827082151053,2020-04-08,2020-04-13,40.87808,-123.5896,Trinity,US-CA
938,0.130556233557461,2021-06-18,2021-06-18,34.03465,-118.69108,Los Angeles,US-CA
939,0.130166266681032,2022-10-30,2022-11-02,40.1709,-120.9447,Plumas,US-CA
940,0.127770581044205,2020-07-04,2020-07-07,37.76173,-120.1069,Mariposa,US-CA
941,0.126313841701295,2021-06-25,,40.197217,-120.972117,Plumas,US-CA
942,0.121656568321242,2021-06-21,,32.579431,-116.689438,San Diego,US-CA
943,0.120664180581631,2020-08-21,,33.743928,-116.251482,Riverside,US-CA
944,0.120158177285127,2020-10-28,2020-10-30,34.22301,-117.0864,San Bernardino,US-CA
945,0.119856382094744,2021-08-05,2021-08-05,33.923758,-116.640528,Riverside,US-CA
946,0.119466473509628,2021-09-26,2021-09-26,33.793284,-116.276771,Riverside,US-CA
947,0.117116486687313,2022-06-23,2022-06-27,35.45757,-118.5331,Kern,US-CA
948,0.116819688062126,2022-06-17,2022-06-20,39.12951,-120.5992,Placer,US-CA
949,0.111876720379311,2021-01-15,,34.01924,-118.81069,Los Angeles,US-CA
950,0.111216869826814,2020-07-19,2020-07-20,40.78771,-122.2526,Shasta,US-CA
951,0.108932736472938,2022-07-18,,39.314076,-121.27693,Yuba,US-CA
952,0.108342422580616,2022-05-26,2022-06-01,40.7939,-122.319783,Shasta,US-CA
953,0.106979931822526,2022-10-30,2022-11-02,40.00642,-120.9628,Plumas,US-CA
954,0.10665604210583,2020-10-25,2020-10-26,41.066867,-120.573107,Lassen,US-CA
955,0.102971709195881,2020-07-25,2020-09-01,38.75996,-120.842285,El Dorado,US-CA
956,0.10223786118446,2022-07-04,,32.62615,-116.5691,San Diego,US-CA
957,0.102227525053391,2022-07-31,2022-08-03,41.68316,-121.0704,Modoc,US-CA
958,0.101485171576779,2021-01-09,,34.04047,-118.57584,Los Angeles,US-CA
959,0.100138097022588,2021-08-25,,34.11855,-118.78128,Los Angeles,US-CA
960,0.100051282579015,2022-09-11,,37.85044,-119.6153,Mariposa,US-CA
961,0.0987946224725535,2020-08-25,2020-08-26,41.34494,-122.2541,Shasta,US-CA
962,0.0987567627180688,2022-05-24,,,,Ventura,US-CA
963,0.0983615282623671,2021-05-05,2021-05-05,34.09508,-117.1821,San Bernardino,US-CA
964,0.0975653724825537,2020-06-02,2020-06-02,,,Riverside,US-CA
965,0.0967726733691175,2021-10-03,2021-10-04,34.7293,-115.8412,San Bernardino,US-CA
966,0.0962306748640443,2021-05-16,2021-05-18,40.88408,-122.3842,Shasta,US-CA
967,0.0949635246340786,2020-10-31,2020-11-02,40.6915,-121.4217,Shasta,US-CA
968,0.0934956047955333,2020-11-15,,,,Los Angeles,US-CA
969,0.0934834853074729,2021-03-01,,,,Los Angeles,US-CA
970,0.0934819542042555,2020-04-24,,34.0396,-118.58123,Los Angeles,US-CA
971,0.0934788623014829,2020-11-24,2020-11-24,34.07975,-118.63197,Los Angeles,US-CA
972,0.0934781377575205,2021-04-28,,,,Ventura,US-CA
973,0.0934772725653624,2021-06-14,,34.27861,-118.6604,Ventura,US-CA
974,0.0934748804610659,2020-06-28,,34.10111,-118.69109,Los Angeles,US-CA
975,0.0934747915868976,2020-03-07,2020-03-07,,,Los Angeles,US-CA
976,0.0934747875770508,2020-01-06,,34.06918,-118.70772,Los Angeles,US-CA
977,0.0934744357412199,2020-06-09,,34.03764,-118.69873,Los Angeles,US-CA
978,0.0934730666862066,2020-07-05,,,,Los Angeles,US-CA
979,0.0934692890665035,2021-11-11,,34.11257,-118.77262,Los Angeles,US-CA
980,0.0934675961696674,2020-07-18,2020-07-18,34.05622,-118.79849,Los Angeles,US-CA
981,0.0934609684247635,2020-02-28,2020-02-28,34.04435,-118.88895,Los Angeles,US-CA
982,0.0934544602578112,2021-01-19,,,,Ventura,US-CA
983,0.0934539322388123,2020-03-02,2020-03-02,,,Ventura,US-CA
984,0.0934515948023338,2020-02-15,2020-02-15,,,Ventura,US-CA
985,0.0893991546968071,2020-07-01,2020-07-08,40.78354,-123.0558,Trinity,US-CA
986,0.0849216200410101,2021-07-09,,33.800115,-117.339462,Riverside,US-CA
987,0.084438208959627,2021-04-13,,,,Los Angeles,US-CA
988,0.0836608725431527,2022-08-03,2022-08-06,39.8138,-120.5416,Plumas,US-CA
989,0.0836577387632339,2020-01-11,,40.699433,-122.15905,Shasta,US-CA
990,0.0831661707810901,2021-09-24,2021-09-25,33.5597,-116.4421,Riverside,US-CA
991,0.082489910511021,2021-08-25,2022-02-03,37.75864,-119.1544,Mono,US-CA
992,0.081222030970674,2021-07-13,2021-07-17,40.42198,-123.2208,Trinity,US-CA
993,0.0786649269151245,2021-07-25,,40.74575,-122.20545,Shasta,US-CA
994,0.077884535536191,2020-07-22,2020-07-25,41.30285,-124.0192,Humboldt,US-CA
995,0.0732984749767776,2022-06-23,2022-06-30,40.42256,-123.2386,Trinity,US-CA
996,0.0724862122298623,2020-06-20,2020-06-25,38.951194,-119.93875,El Dorado,US-CA
997,0.0720548819571806,2021-10-02,2021-10-03,33.66006,-115.7277,Riverside,US-CA
998,0.0702669505200166,2020-08-17,,39.527383,-121.281667,Butte,US-CA
999,0.0695537209754024,2020-08-29,2020-09-15,38.39041,-119.4727,Mono,US-CA
1000,0.0659037686904153,2022-05-22,2022-05-25,36.23278,-121.4817,Monterey,US-CA
1001,0.0655507630401851,2021-08-02,2021-08-06,37.63717,-119.567,Mariposa,US-CA
1002,0.0646326671425825,2022-07-20,2022-07-23,39.9359,-120.9457,Plumas,US-CA
1003,0.0644465886071014,2021-07-21,2021-07-24,41.35537,-122.3096,Siskiyou,US-CA
1004,0.0634169999194659,2020-12-01,2020-12-01,34.08234,-118.59871,Los Angeles,US-CA
1005,0.0626735940583152,2020-07-11,2020-07-16,41.25667,-122.3613,Siskiyou,US-CA
1006,0.0610833871562132,2022-03-16,,35.87494,-119.5002,Tulare,US-CA
1007,0.0589266014671575,2020-08-16,2020-08-21,34.86461,-119.0746,Kern,US-CA
1008,0.058219887009677,2020-08-20,2020-08-20,34.56234,-119.925,Santa Barbara,US-CA
1009,0.0577509561403401,2020-08-17,,39.543667,-121.4595,Butte,US-CA
1010,0.0569132579858824,2022-10-07,2022-10-09,32.90301,-114.495,Imperial,US-CA
1011,0.0548815675023117,2020-08-13,2020-08-14,41.12011,-122.0265,Shasta,US-CA
1012,0.0537854100419313,2021-05-14,2021-05-14,40.79764,-123.4046,Trinity,US-CA
1013,0.0530790171874435,2021-08-27,2021-08-31,34.17645,-116.9835,San Bernardino,US-CA
1014,0.0526609109548181,2021-08-13,2021-08-13,,,Kern,US-CA
1015,0.0477619593146081,2022-06-22,,,,San Diego,US-CA
1016,0.0471244208500814,2020-06-08,,34.04174,-118.56747,Los Angeles,US-CA
1017,0.0456316890766043,2020-07-28,2020-07-31,34.52544,-119.8351,Santa Barbara,US-CA
1018,0.0449224848859834,2021-08-16,2021-08-21,41.29172,-120.883,Modoc,US-CA
1019,0.0448155495706122,2021-08-02,2021-08-03,39.79665,-121.0355,Plumas,US-CA
1020,0.0444361042405323,2020-08-18,,40.72895,-123.0441,Trinity,US-CA
1021,0.0427101768919113,2020-06-30,2020-07-02,,,Shasta,US-CA
1022,0.0406475659710628,2020-06-16,2020-06-30,38.36093,-119.2001,Mono,US-CA
1023,0.0405213053333714,2020-08-09,2020-12-01,37.856724,-120.453269,Tuolumne,US-CA
1024,0.0401279907851921,2020-05-30,2020-06-06,38.78146,-119.6939,Alpine,US-CA
1025,0.0396064330583767,2020-07-18,2020-07-18,39.15202,-120.6763,Placer,US-CA
1026,0.0390217127070843,2020-05-30,2020-06-08,38.70641,-119.6507,Alpine,US-CA
1027,0.0385447635752701,2020-06-04,2020-06-06,40.8666,-122.2333,Shasta,US-CA
1028,0.0378222647479431,2021-05-22,2021-05-24,40.42751,-123.2024,Trinity,US-CA
1029,0.0371620000192967,2021-11-20,2021-11-21,32.76575,-115.2684,Imperial,US-CA
1030,0.0364556446011987,2020-08-11,2020-11-08,37.1271,-118.8617,Fresno,US-CA
1031,0.0364512314888671,2021-05-06,2021-05-08,34.57181,-118.6868,Los Angeles,US-CA
1032,0.031791121952526,2020-06-23,2020-06-26,40.91389,-122.2438,Shasta,US-CA
1033,0.0311253196214845,2021-07-10,2021-07-15,38.43969,-119.4822,Mono,US-CA
1034,0.0308096355041373,2020-09-03,2020-09-04,40.8477,-122.3376,Shasta,US-CA
1035,0.0301249537454988,2021-06-15,2021-06-15,35.49602,-115.418,San Bernardino,US-CA
1036,0.0298848561993462,2020-08-02,2020-08-08,37.82529,-119.9464,Tuolumne,US-CA
1037,0.0296954273495464,2020-08-23,2020-08-23,34.09496,-117.1824,San Bernardino,US-CA
1038,0.0296492485474433,2022-08-31,2022-09-12,39.87576,-120.0303,Lassen,US-CA
1039,0.0281650855473725,2023-04-23,,32.600413,-116.841872,San Diego,US-CA
1040,0.0280924351788459,2020-07-28,2020-07-31,41.0268,-122.7258,Trinity,US-CA
1041,0.0259460809257961,2020-07-08,2020-07-09,41.885883,-120.128217,Modoc,US-CA
1042,0.0258550768324472,2021-10-08,,33.671202,-116.129571,Riverside,US-CA
1043,0.0256268796173115,2022-01-27,2022-01-27,34.09499,-117.1824,San Bernardino,US-CA
1044,0.0247292870099489,2022-10-01,2022-10-02,40.79623,-123.4598,Trinity,US-CA
1045,0.0235802539882147,2021-10-04,2021-10-04,34.020017,-117.480671,Riverside,US-CA
1046,0.0231000983433767,2020-08-06,2020-08-11,40.87493,-122.2912,Shasta,US-CA
1047,0.0226198367552045,2021-07-21,2021-07-26,34.50354,-119.8766,Santa Barbara,US-CA
1048,0.0221139132935482,2020-09-08,2020-09-08,,,Los Angeles,US-CA
1049,0.0217334066353468,2021-07-19,2021-07-22,36.35861,-118.3116,Tulare,US-CA
1050,0.0213614448539202,2021-08-27,2021-08-27,34.10338,-117.1816,San Bernardino,US-CA
1051,0.0207440300426569,2020-07-23,2020-07-23,39.15195,-120.6763,Placer,US-CA
1052,0.020692818721871,2021-11-11,2021-11-12,34.1361,-117.1912,San Bernardino,US-CA
1053,0.0205845529656333,2022-05-26,2022-05-27,34.84134,-119.0855,Kern,US-CA
1054,0.0200130774625914,2021-07-25,2021-07-26,34.03904,-116.4544,Riverside,US-CA
1055,0.0164090443185768,2020-06-29,2020-06-30,40.01274,-120.0975,Lassen,US-CA
1056,0.0162029463169301,2021-09-11,2021-09-12,38.885133,-120.163883,El Dorado,US-CA
1057,0.0160529040184913,2020-08-27,2020-08-28,39.1,-120.7284,Placer,US-CA
1058,0.0157454243226569,2021-06-22,2021-06-25,41.98509,-121.0702,Modoc,US-CA
1059,0.0155284856775592,2020-10-01,2020-10-05,39.16347,-120.4709,Placer,US-CA
1060,0.0152743408046094,2021-10-07,2021-10-08,34.8042,-115.6865,San Bernardino,US-CA
1061,0.0152205390717339,2022-07-15,2022-07-18,39.52937,-121.1714,Butte,US-CA
1062,0.0150083752439079,2020-06-28,2020-06-29,38.956265,-122.343147,Colusa,US-CA
1063,0.0140902637515813,2021-06-24,2021-06-27,40.74465,-120.382483,Lassen,US-CA
1064,0.0126569576513514,2020-05-01,2020-05-03,37.6156,-118.9627,Mono,US-CA
1065,0.0126518644723664,2022-06-03,,33.60814,-114.897,Riverside,US-CA
1066,0.012493684166313,2020-06-12,2020-06-12,40.86415,-123.5167,Trinity,US-CA
1067,0.0123614230751092,2020-07-04,,34.14195,-118.55533,Los Angeles,US-CA
1068,0.0123336447365851,2021-04-16,2021-04-16,33.75109,-116.8318,Riverside,US-CA
1069,0.0122738290069817,2021-10-10,2021-10-13,39.86454,-120.0472,Lassen,US-CA
1070,0.0121827582344259,2020-07-27,2020-07-29,40.7683,-121.354383,Shasta,US-CA
1071,0.0117908641631196,2020-05-01,2020-05-09,40.78002,-122.3126,Shasta,US-CA
1072,0.0117101513520729,2021-09-05,2021-09-05,33.60926,-114.7461,Riverside,US-CA
1073,0.0113078295423579,2022-01-07,,33.75834,-116.2337,Riverside,US-CA
1074,0.010965783053461,2020-06-08,2020-06-12,40.197394,-121.298048,Plumas,US-CA
1075,0.0107966602252719,2020-10-10,2020-10-18,40.840881,-120.510574,Lassen,US-CA
1076,0.0107073965440511,2020-06-18,2020-06-18,41.3057,-122.2317,Siskiyou,US-CA
1077,0.0106703823769276,2021-07-11,2021-07-11,40.82884,-123.482,Trinity,US-CA
1078,0.0106045269421195,2021-09-17,2021-09-18,33.6844,-116.0354,Riverside,US-CA
1079,0.0104352603566914,2021-04-22,2021-04-22,34.10402,-117.1823,San Bernardino,US-CA
1080,0.010161546189852,2022-05-08,,33.7813,-117.3296,Riverside,US-CA
1081,0.0099695892622006,2021-10-03,2021-10-03,33.790528,-116.268235,Riverside,US-CA
1082,0.009630538904769,2021-05-26,2021-05-26,34.7611,-115.4847,San Bernardino,US-CA
1083,0.009468622933619,2021-05-19,2021-05-19,34.09204,-117.1814,San Bernardino,US-CA
1084,0.0094633473439399,2022-06-20,,40.899338,-122.385308,Shasta,US-CA
1085,0.0093067630799419,2021-06-05,2021-06-07,40.295,-123.16,Trinity,US-CA
1086,0.007533777677575,2021-08-30,2021-09-04,35.17203,-115.4267,San Bernardino,US-CA
1087,0.0073291571183456,2020-08-17,,39.909682,-121.717032,Butte,US-CA
1088,0.0071865857647739,2020-07-03,2020-07-03,34.10187,-118.65998,Los Angeles,US-CA
1089,0.0071860253891601,2020-07-13,,34.03296,-118.74289,Los Angeles,US-CA
1090,0.0070648063730842,2020-08-23,2020-08-23,40.8893,-122.367,Shasta,US-CA
1091,0.0069097194739719,2022-06-26,,40.669337,-122.902098,Trinity,US-CA
1092,0.0066952249941663,2021-10-19,2021-10-19,33.660281,-115.719228,Riverside,US-CA
1093,0.0065648949933954,2020-06-03,2020-06-11,38.12153,-120.2383,Tuolumne,US-CA
1094,0.0064725709394353,2020-07-27,2020-08-05,39.89592,-120.007,Lassen,US-CA
1095,0.0063538621958753,2020-11-05,2020-11-07,40.81229,-122.3204,Shasta,US-CA
1096,0.0063208207504519,2020-04-24,2020-04-24,36.84501,-118.2975,Inyo,US-CA
1097,0.0062407347356007,2021-09-01,2021-09-01,34.10616,-117.1823,San Bernardino,US-CA
1098,0.0059887639110362,2021-08-11,2021-08-11,41.30642,-120.8962,Modoc,US-CA
1099,0.0055486232511788,2021-06-18,2021-11-09,40.41812,-123.2311,Trinity,US-CA
1100,0.0054677142299631,2021-08-04,2021-08-10,40.49336,-123.2695,Trinity,US-CA
1101,0.0052504551845419,2021-10-20,2021-10-20,33.65936,-115.8019,Riverside,US-CA
1102,0.0048784219754314,2021-08-21,2021-08-21,33.64542,-116.4069,Riverside,US-CA
1103,0.0046163341226228,2020-06-07,2020-06-09,39.55756,-120.0877,Sierra,US-CA
1104,0.004394585172915,2022-07-20,2022-07-21,37.754774,-119.610987,Mariposa,US-CA
1105,0.0043440229148487,2021-08-30,2021-08-30,34.02342,-116.0228,Riverside,US-CA
1106,0.0042634068613739,2021-05-29,2021-05-31,40.36808,-123.1086,Trinity,US-CA
1107,0.0041661909152178,2020-08-12,2020-08-13,40.703617,-120.440167,Lassen,US-CA
1108,0.003898909652274,2021-05-17,2021-05-18,41.64041,-121.188,Modoc,US-CA
1109,0.0038514905832781,2021-08-06,2021-08-10,41.40824,-121.0899,Modoc,US-CA
1110,0.0036228439534721,2022-01-27,2022-01-27,34.09435,-117.1846,San Bernardino,US-CA
1111,0.0035838284750346,2021-10-21,2021-10-21,33.64244,-116.0943,Riverside,US-CA
1112,0.0034300881962528,2021-10-07,2021-10-08,34.99765,-115.4511,San Bernardino,US-CA
1113,0.0034079088623288,2020-05-08,2020-08-03,38.785861,-120.810529,El Dorado,US-CA
1114,0.0033980536001036,2020-08-29,2020-08-29,41.345,-122.2541,Siskiyou,US-CA
1115,0.0032570463029233,2021-09-26,2021-09-27,34.10819,-117.1843,San Bernardino,US-CA
1116,0.0032421233525406,2020-10-14,2020-10-18,35.8673,-121.4279,Monterey,US-CA
1117,0.0031804839570214,2020-08-19,2020-08-21,41.361333,-120.127417,Modoc,US-CA
1118,0.0030904075547082,2020-10-30,2020-10-30,,,Los Angeles,US-CA
1119,0.002972642131009,2020-08-17,,39.890483,-121.752683,Butte,US-CA
1120,0.0027244096801483,2022-12-26,,33.51,-115.784256,Riverside,US-CA
1121,0.0025590364455608,2022-06-29,,33.899748,-116.920483,Riverside,US-CA
1122,0.0024383491775668,2021-08-04,2021-08-06,40.42175,-123.19,Trinity,US-CA
1123,0.0020863010059997,2022-01-11,2022-01-12,33.58561,-115.9788,Riverside,US-CA
1124,0.0020137246164898,2020-07-25,2020-07-27,40.8659,-122.2561,Shasta,US-CA
1125,0.0019569553067735,2021-09-23,2021-09-23,34.0097,-116.0552,Riverside,US-CA
1126,0.0015775054763121,2021-08-11,2021-08-11,40.506917,-122.397667,Shasta,US-CA
1127,0.0014022851966994,2020-06-14,2020-08-06,,,Sacramento,US-CA
1128,0.0011180938148787,2021-07-27,2021-07-28,38.840483,-120.183337,El Dorado,US-CA
1129,0.0010746540998295,2022-03-22,2022-03-22,40.8475,-122.3367,US-Shasta,US-CA
1130,0.001052701873759,2021-08-23,2021-08-26,40.3007,-123.2824,Trinity,US-CA
1131,0.0005124620076202,2021-05-02,2021-05-02,40.47364,-123.1642,Trinity,US-CA
1132,0.0003650681735334,2021-09-19,2021-09-24,35.61601,-117.9556,Kern,US-CA
1133,0.0003241103883549,2021-05-16,2021-05-16,40.60895,-123.4699,Trinity,US-CA
1134,0.0003004256116953,2021-09-19,,34.245938,-117.436085,San Bernardino,US-CA
1135,0.0002518773693586,2021-06-26,2021-06-26,38.943667,-120.12075,El Dorado,US-CA
1136,0.0001787120337586,2022-02-20,2022-02-22,34.09116,-117.0945,San Bernardino,US-CA
1137,0.0001710282349456,2021-11-20,2021-11-20,34.23383,-117.4215,San Bernardino,US-CA
1138,0.0001686842844921,2020-04-04,2020-04-04,37.65278,-118.9672,Mono,US-CA
1139,0.00016762133867,2021-09-02,2021-09-02,33.618243,-116.625252,Riverside,US-CA
1140,0.0001556871728125,2022-06-25,2022-06-28,40.13805,-120.180283,Lassen,US-CA
1141,0.0001206117906759,2020-07-24,2020-07-30,39.15604,-120.5,Placer,US-CA
1142,8.02201724744107e-05,2021-08-13,2021-08-13,33.642493,-116.091241,Riverside,US-CA
1143,7.69935874382464e-05,2020-06-13,2020-06-13,39.0246,-120.7207,Placer,US-CA
1144,7.01166842101137e-05,2021-08-13,2021-08-13,40.627362,-122.395668,Shasta,US-CA
1145,5.77761219547131e-05,2022-10-01,2022-10-02,40.79074,-123.4368,Trinity,US-CA
1146,4.82038895092989e-05,2022-02-09,2022-02-11,34.33985,-117.4659,San Bernardino,US-CA
1147,3.2628434626422e-05,2022-10-01,2022-10-02,40.79507,-123.4585,Trinity,US-CA
1148,1.27813467908574e-05,2021-06-10,2021-06-11,41.16336,-122.3661,Trinity,US-CA
1149,7.70790959250939e-06,2022-08-06,2022-08-06,35.65504,-118.4392,Kern,US-CA
1150,7.4149449048027e-06,2021-07-11,2021-07-14,39.71997,-120.9976,Plumas,US-CA
1151,,2021-06-16,2021-06-16,34.03266,-118.79787,Los Angeles,US-CA
1152,,2021-05-16,2021-05-16,40.603817,-123.343767,Trinity,US-CA
1153,,2021-06-16,,,,Los Angeles,US-CA
1154,,2021-01-19,,38.835038,-120.313596,El Dorado,US-CA
1155,,2021-12-21,2021-12-22,34.16563,-117.2521,San Bernardino,US-CA
1156,,2021-11-22,2021-11-23,34.35636,-117.437,San Bernardino,US-CA
1157,,2021-08-02,,34.17598,-117.2779,San Bernardino,US-CA
1158,,2021-10-15,,34.11812,-118.66146,Los Angeles,US-CA
1159,,2021-06-27,,34.0201,-118.7965,Los Angeles,US-CA
1160,,2021-08-04,2021-08-14,40.60585,-122.5143,Shasta,US-CA
1161,,2020-07-13,,,,Ventura,US-CA
1162,,2020-07-07,,,,Ventura,US-CA
1163,,2020-07-09,,33.569934,-116.736461,Riverside,US-CA
1164,,2019-10-30,,,,Ventura,US-CA
1165,,2021-10-12,,,,Ventura,US-CA
1166,,2021-10-28,,34.06829,-118.67143,Los Angeles,US-CA
1167,,2021-01-19,2021-01-22,38.8955,-120.3955,El Dorado,US-CA
1168,,2021-11-29,,34.03932,-118.59026,Los Angeles,US-CA
1169,,2021-05-03,,34.15324,-118.6521,Los Angeles,US-CA
1170,,2021-07-29,2021-08-09,36.476664,-121.224797,San Benito,US-CA
1171,,2021-08-27,,34.17683,-117.2752,San Bernardino,US-CA
1172,,2019-10-28,,,,Los Angeles,US-CA
1173,,2021-05-21,,34.13678,-118.70712,Los Angeles,US-CA
1174,,2019-10-28,2019-11-06,,,Los Angeles,US-CA
1175,,2021-08-30,2021-08-31,32.575083,-116.79225,San Diego,US-CA
1176,,2021-06-18,,34.14914,-118.804,Los Angeles,US-CA
1177,,2021-07-30,2021-08-02,34.18591,-117.4388,San Bernardino,US-CA
1178,,2021-05-25,2021-05-28,34.2981,-117.4583,San Bernardino,US-CA
1179,,2022-07-30,,34.307382,-117.34307,San Bernardino,US-CA
1180,,2022-08-25,2022-09-09,38.18051,-119.9775,Tuolumne,US-CA
1181,,2022-06-03,,34.27798,-118.6073,Los Angeles,US-CA
1182,,2022-08-15,,34.200086,-118.983339,Ventura,US-CA
1183,,2022-08-15,,34.10775,-118.41758,Los Angeles,US-CA
1184,,2022-08-23,,,,Los Angeles,US-CA
1185,,2020-07-05,2020-07-05,,,Kern,US-CA
1186,,2021-02-22,2021-02-25,35.988333,-120.5845,Monterey,US-CA
1187,,2020-05-11,2020-05-24,,,Kern,US-CA
1188,,2021-06-15,,35.65023,-119.4988,Kern,US-CA
1189,,2022-09-01,,34.15924,-118.73518,Los Angeles,US-CA
1190,,2022-09-02,,,,Ventura,US-CA
1191,,2022-09-03,,34.03296,-118.74289,Los Angeles,US-CA
1192,,2022-09-24,,34.1529,-118.65025,Los Angeles,US-CA
1193,,2020-08-18,,39.816655,-123.205584,Mendocino,US-CA
1194,,2020-08-16,,39.586859,-122.446449,Glenn,US-CA
1195,,2020-08-02,,39.313178,-122.484274,Colusa,US-CA
1196,,2020-06-12,,38.520981,-121.201927,Sacramento,US-CA
1197,,2020-07-30,,38.409833,-121.174425,Sacramento,US-CA
1198,,2020-08-13,,38.474438,-121.171188,Sacramento,US-CA
1199,,2020-08-18,,38.025784,-120.760596,Calaveras,US-CA
1200,,2020-06-06,,38.470485,-122.048005,Solano,US-CA
1201,,2020-06-28,,37.068124,-121.213195,Santa Clara,US-CA
1202,,2020-07-05,,37.154817,-121.5822,Santa Clara,US-CA
1203,,2020-07-15,,36.674767,-121.020433,San Benito,US-CA
1204,,2020-06-16,,36.380515,-121.0013,San Benito,US-CA
1205,,2020-06-22,,36.021859,-120.889586,Monterey,US-CA
1206,,2020-07-28,,35.351479,-120.005229,San Luis Obispo,US-CA
1207,,2020-06-10,,35.351296,-119.956015,San Luis Obispo,US-CA
1208,,2020-07-05,,35.374266,-120.003166,San Luis Obispo,US-CA
1209,,2020-07-03,,35.26461,-119.947462,San Luis Obispo,US-CA
1210,,2020-06-14,,,,Santa Barbara,US-CA
1211,,2020-06-10,,,,Ventura,US-CA
1212,,2020-08-17,,,,Ventura,US-CA
1213,,2020-06-10,,,,Ventura,US-CA
1214,,2020-07-05,,34.46642,-118.32955,Los Angeles,US-CA
1215,,2022-10-04,,34.0347,-118.70322,Los Angeles,US-CA
1216,,2022-10-21,,34.03999,-118.57944,Los Angeles,US-CA
1217,,2022-11-17,,,,Los Angeles,US-CA
1218,,2022-08-15,,,,Ventura,US-CA
1219,,2022-08-15,,,,Ventura,US-CA
1220,,2022-05-18,,34.08125,-118.64569,Los Angeles,US-CA
1221,,2022-11-26,,34.08125,-118.64569,Los Angeles,US-CA
1222,,2022-11-29,,34.10056,-118.66129,Los Angeles,US-CA
1223,,2022-05-22,,34.0349,-118.68043,Los Angeles,US-CA
1224,,2022-01-23,,34.04309,-118.6525,Los Angeles,US-CA
1225,,2022-08-13,,34.14301,-118.7416,Los Angeles,US-CA
1226,,2022-07-15,,34.14343,-118.75622,Los Angeles,US-CA
